年月,统计项目,医生编号,医生,医生等级,报告数量,审核数量,总数量
2021-08,头部撰写数,01,戴榕全,高级,1,1,2
2021-09,头部撰写数,01,戴榕全,高级,2,0,2
2021-10,头部撰写数,01,戴榕全,高级,1,0,1
2021-11,头部撰写数,01,戴榕全,高级,4,1,5
2022-01,头部撰写数,01,戴榕全,高级,1,2,3
2022-02,头部撰写数,01,戴榕全,高级,1,3,4
2022-03,头部撰写数,01,戴榕全,高级,0,2,2
2022-04,头部撰写数,01,戴榕全,高级,1,4,5
2022-06,头部撰写数,01,戴榕全,高级,1,2,3
2022-07,头部撰写数,01,戴榕全,高级,0,4,4
2022-08,头部撰写数,01,戴榕全,高级,1,3,4
2022-09,头部撰写数,01,戴榕全,高级,1,4,5
2022-10,头部撰写数,01,戴榕全,高级,2,2,4
2022-11,头部撰写数,01,戴榕全,高级,1,2,3
2023-01,头部撰写数,01,戴榕全,高级,0,1,1
2023-02,头部撰写数,01,戴榕全,高级,2,0,2
2023-03,头部撰写数,01,戴榕全,高级,0,2,2
2023-05,头部撰写数,01,戴榕全,高级,1,2,3
2023-06,头部撰写数,01,戴榕全,高级,1,2,3
2023-07,头部撰写数,01,戴榕全,高级,0,2,2
2023-08,头部撰写数,01,戴榕全,高级,1,0,1
2023-09,头部撰写数,01,戴榕全,高级,2,3,5
2023-10,头部撰写数,01,戴榕全,高级,0,9,9
2023-11,头部撰写数,01,戴榕全,高级,3,14,17
2023-12,头部撰写数,01,戴榕全,高级,1,8,9
2024-01,头部撰写数,01,戴榕全,高级,5,14,19
2024-02,头部撰写数,01,戴榕全,高级,2,9,11
2024-03,头部撰写数,01,戴榕全,高级,0,5,5
2024-04,头部撰写数,01,戴榕全,高级,6,19,25
2024-05,头部撰写数,01,戴榕全,高级,0,7,7
2024-06,头部撰写数,01,戴榕全,高级,1,11,12
2024-07,头部撰写数,01,戴榕全,高级,3,15,18
2024-08,头部撰写数,01,戴榕全,高级,0,6,6
2024-09,头部撰写数,01,戴榕全,高级,3,14,17
2024-10,头部撰写数,01,戴榕全,高级,4,12,16
2024-11,头部撰写数,01,戴榕全,高级,4,15,19
2024-12,头部撰写数,01,戴榕全,高级,2,16,18
2025-01,头部撰写数,01,戴榕全,高级,2,7,9
2025-02,头部撰写数,01,戴榕全,高级,0,7,7
2025-03,头部撰写数,01,戴榕全,高级,1,6,7
2025-04,头部撰写数,01,戴榕全,高级,4,6,10
2025-05,头部撰写数,01,戴榕全,高级,4,30,34
2025-06,头部撰写数,01,戴榕全,高级,5,9,14
2025-07,头部撰写数,01,戴榕全,高级,0,10,10
2025-08,头部撰写数,01,戴榕全,高级,5,10,15
2025-09,头部撰写数,01,戴榕全,高级,4,26,30
2025-10,头部撰写数,01,戴榕全,高级,1,11,12
2025-11,头部撰写数,01,戴榕全,高级,1,30,31
2025-12,头部撰写数,01,戴榕全,高级,2,18,20
2026-01,头部撰写数,01,戴榕全,高级,2,20,22
2026-02,头部撰写数,01,戴榕全,高级,0,10,10
2026-03,头部撰写数,01,戴榕全,高级,4,13,17
2026-04,头部撰写数,01,戴榕全,高级,0,21,21
2026-05,头部撰写数,01,戴榕全,高级,0,29,29
2026-06,头部撰写数,01,戴榕全,高级,2,40,42
2026-07,头部撰写数,01,戴榕全,高级,4,35,39
2021-08,头部撰写数,02,刘蕾,高级,3,1,4
2021-11,头部撰写数,02,刘蕾,高级,0,2,2
2022-01,头部撰写数,02,刘蕾,高级,0,1,1
2022-02,头部撰写数,02,刘蕾,高级,1,1,2
2022-04,头部撰写数,02,刘蕾,高级,0,2,2
2022-05,头部撰写数,02,刘蕾,高级,1,0,1
2022-06,头部撰写数,02,刘蕾,高级,1,3,4
2022-07,头部撰写数,02,刘蕾,高级,1,0,1
2022-09,头部撰写数,02,刘蕾,高级,1,1,2
2022-10,头部撰写数,02,刘蕾,高级,1,0,1
2022-11,头部撰写数,02,刘蕾,高级,0,1,1
2022-12,头部撰写数,02,刘蕾,高级,0,1,1
2023-01,头部撰写数,02,刘蕾,高级,1,2,3
2023-05,头部撰写数,02,刘蕾,高级,0,2,2
2023-06,头部撰写数,02,刘蕾,高级,0,3,3
2023-08,头部撰写数,02,刘蕾,高级,1,2,3
2023-09,头部撰写数,02,刘蕾,高级,0,1,1
2023-10,头部撰写数,02,刘蕾,高级,1,6,7
2023-11,头部撰写数,02,刘蕾,高级,1,6,7
2023-12,头部撰写数,02,刘蕾,高级,3,6,9
2024-01,头部撰写数,02,刘蕾,高级,1,8,9
2024-02,头部撰写数,02,刘蕾,高级,0,2,2
2024-03,头部撰写数,02,刘蕾,高级,2,7,9
2024-04,头部撰写数,02,刘蕾,高级,0,1,1
2024-05,头部撰写数,02,刘蕾,高级,0,4,4
2024-06,头部撰写数,02,刘蕾,高级,2,8,10
2024-07,头部撰写数,02,刘蕾,高级,4,8,12
2024-08,头部撰写数,02,刘蕾,高级,3,2,5
2024-09,头部撰写数,02,刘蕾,高级,5,8,13
2024-10,头部撰写数,02,刘蕾,高级,3,9,12
2024-11,头部撰写数,02,刘蕾,高级,2,9,11
2024-12,头部撰写数,02,刘蕾,高级,2,2,4
2025-01,头部撰写数,02,刘蕾,高级,0,8,8
2025-02,头部撰写数,02,刘蕾,高级,0,8,8
2025-03,头部撰写数,02,刘蕾,高级,2,14,16
2025-04,头部撰写数,02,刘蕾,高级,5,22,27
2025-05,头部撰写数,02,刘蕾,高级,2,9,11
2025-06,头部撰写数,02,刘蕾,高级,5,13,18
2025-07,头部撰写数,02,刘蕾,高级,1,12,13
2025-08,头部撰写数,02,刘蕾,高级,5,14,19
2025-09,头部撰写数,02,刘蕾,高级,3,17,20
2025-10,头部撰写数,02,刘蕾,高级,6,27,33
2025-11,头部撰写数,02,刘蕾,高级,2,14,16
2025-12,头部撰写数,02,刘蕾,高级,8,18,26
2026-01,头部撰写数,02,刘蕾,高级,0,8,8
2026-02,头部撰写数,02,刘蕾,高级,0,12,12
2026-03,头部撰写数,02,刘蕾,高级,3,6,9
2026-04,头部撰写数,02,刘蕾,高级,2,5,7
2026-05,头部撰写数,02,刘蕾,高级,2,14,16
2026-06,头部撰写数,02,刘蕾,高级,0,18,18
2026-07,头部撰写数,02,刘蕾,高级,5,18,23
2021-08,头部撰写数,03,张博闻,高级,0,1,1
2021-09,头部撰写数,03,张博闻,高级,0,2,2
2021-10,头部撰写数,03,张博闻,高级,0,2,2
2022-01,头部撰写数,03,张博闻,高级,2,2,4
2022-02,头部撰写数,03,张博闻,高级,1,1,2
2022-03,头部撰写数,03,张博闻,高级,4,1,5
2022-05,头部撰写数,03,张博闻,高级,0,1,1
2022-06,头部撰写数,03,张博闻,高级,0,1,1
2022-07,头部撰写数,03,张博闻,高级,0,1,1
2022-08,头部撰写数,03,张博闻,高级,0,2,2
2022-11,头部撰写数,03,张博闻,高级,1,2,3
2023-01,头部撰写数,03,张博闻,高级,0,1,1
2023-05,头部撰写数,03,张博闻,高级,1,1,2
2023-06,头部撰写数,03,张博闻,高级,0,1,1
2023-07,头部撰写数,03,张博闻,高级,0,1,1
2023-08,头部撰写数,03,张博闻,高级,1,2,3
2023-09,头部撰写数,03,张博闻,高级,2,2,4
2023-10,头部撰写数,03,张博闻,高级,4,17,21
2023-11,头部撰写数,03,张博闻,高级,5,9,14
2023-12,头部撰写数,03,张博闻,高级,3,11,14
2024-01,头部撰写数,03,张博闻,高级,1,3,4
2024-02,头部撰写数,03,张博闻,高级,5,6,11
2024-03,头部撰写数,03,张博闻,高级,10,11,21
2024-04,头部撰写数,03,张博闻,高级,8,15,23
2024-05,头部撰写数,03,张博闻,高级,8,12,20
2024-06,头部撰写数,03,张博闻,高级,4,13,17
2024-07,头部撰写数,03,张博闻,高级,2,8,10
2024-08,头部撰写数,03,张博闻,高级,3,13,16
2024-09,头部撰写数,03,张博闻,高级,2,7,9
2024-10,头部撰写数,03,张博闻,高级,6,18,24
2024-11,头部撰写数,03,张博闻,高级,7,17,24
2024-12,头部撰写数,03,张博闻,高级,2,22,24
2025-01,头部撰写数,03,张博闻,高级,2,5,7
2025-02,头部撰写数,03,张博闻,高级,1,5,6
2025-03,头部撰写数,03,张博闻,高级,0,16,16
2025-04,头部撰写数,03,张博闻,高级,2,21,23
2025-05,头部撰写数,03,张博闻,高级,1,20,21
2025-06,头部撰写数,03,张博闻,高级,1,16,17
2025-07,头部撰写数,03,张博闻,高级,0,5,5
2025-08,头部撰写数,03,张博闻,高级,1,27,28
2025-09,头部撰写数,03,张博闻,高级,5,9,14
2025-10,头部撰写数,03,张博闻,高级,2,38,40
2025-11,头部撰写数,03,张博闻,高级,4,5,9
2025-12,头部撰写数,03,张博闻,高级,11,18,29
2026-01,头部撰写数,03,张博闻,高级,5,27,32
2026-02,头部撰写数,03,张博闻,高级,5,21,26
2026-03,头部撰写数,03,张博闻,高级,1,9,10
2026-04,头部撰写数,03,张博闻,高级,0,20,20
2026-05,头部撰写数,03,张博闻,高级,2,19,21
2026-06,头部撰写数,03,张博闻,高级,3,14,17
2026-07,头部撰写数,03,张博闻,高级,4,11,15
2021-08,头部撰写数,04,白璐,高级,1,0,1
2021-09,头部撰写数,04,白璐,高级,1,0,1
2021-11,头部撰写数,04,白璐,高级,1,0,1
2022-03,头部撰写数,04,白璐,高级,2,2,4
2022-04,头部撰写数,04,白璐,高级,1,2,3
2022-05,头部撰写数,04,白璐,高级,0,1,1
2022-06,头部撰写数,04,白璐,高级,0,1,1
2022-07,头部撰写数,04,白璐,高级,1,3,4
2022-08,头部撰写数,04,白璐,高级,1,2,3
2022-09,头部撰写数,04,白璐,高级,1,1,2
2022-10,头部撰写数,04,白璐,高级,2,0,2
2022-11,头部撰写数,04,白璐,高级,0,3,3
2022-12,头部撰写数,04,白璐,高级,0,1,1
2023-01,头部撰写数,04,白璐,高级,0,1,1
2023-03,头部撰写数,04,白璐,高级,2,0,2
2023-04,头部撰写数,04,白璐,高级,0,1,1
2023-05,头部撰写数,04,白璐,高级,0,1,1
2023-06,头部撰写数,04,白璐,高级,1,1,2
2023-07,头部撰写数,04,白璐,高级,1,1,2
2023-08,头部撰写数,04,白璐,高级,0,1,1
2023-09,头部撰写数,04,白璐,高级,0,1,1
2023-10,头部撰写数,04,白璐,高级,1,5,6
2023-11,头部撰写数,04,白璐,高级,5,9,14
2023-12,头部撰写数,04,白璐,高级,3,14,17
2024-01,头部撰写数,04,白璐,高级,0,6,6
2024-02,头部撰写数,04,白璐,高级,2,10,12
2024-03,头部撰写数,04,白璐,高级,3,12,15
2024-04,头部撰写数,04,白璐,高级,6,15,21
2024-05,头部撰写数,04,白璐,高级,12,16,28
2024-06,头部撰写数,04,白璐,高级,12,11,23
2024-07,头部撰写数,04,白璐,高级,10,8,18
2024-08,头部撰写数,04,白璐,高级,6,10,16
2024-09,头部撰写数,04,白璐,高级,11,14,25
2024-10,头部撰写数,04,白璐,高级,4,15,19
2024-11,头部撰写数,04,白璐,高级,7,18,25
2024-12,头部撰写数,04,白璐,高级,1,18,19
2025-01,头部撰写数,04,白璐,高级,0,9,9
2025-02,头部撰写数,04,白璐,高级,2,16,18
2025-03,头部撰写数,04,白璐,高级,10,15,25
2025-04,头部撰写数,04,白璐,高级,5,12,17
2025-05,头部撰写数,04,白璐,高级,10,25,35
2025-06,头部撰写数,04,白璐,高级,3,12,15
2025-07,头部撰写数,04,白璐,高级,15,30,45
2025-08,头部撰写数,04,白璐,高级,6,32,38
2025-09,头部撰写数,04,白璐,高级,5,13,18
2025-10,头部撰写数,04,白璐,高级,12,32,44
2025-11,头部撰写数,04,白璐,高级,6,32,38
2025-12,头部撰写数,04,白璐,高级,10,24,34
2026-01,头部撰写数,04,白璐,高级,6,28,34
2026-02,头部撰写数,04,白璐,高级,2,9,11
2026-03,头部撰写数,04,白璐,高级,3,22,25
2026-04,头部撰写数,04,白璐,高级,3,19,22
2026-05,头部撰写数,04,白璐,高级,9,60,69
2026-06,头部撰写数,04,白璐,高级,4,22,26
2026-07,头部撰写数,04,白璐,高级,3,17,20
2021-12,头部撰写数,05,周媛媛,高级,0,1,1
2022-06,头部撰写数,05,周媛媛,高级,2,1,3
2022-07,头部撰写数,05,周媛媛,高级,2,0,2
2022-08,头部撰写数,05,周媛媛,高级,0,1,1
2022-10,头部撰写数,05,周媛媛,高级,0,1,1
2023-01,头部撰写数,05,周媛媛,高级,1,0,1
2023-04,头部撰写数,05,周媛媛,高级,0,1,1
2023-05,头部撰写数,05,周媛媛,高级,1,3,4
2023-06,头部撰写数,05,周媛媛,高级,0,2,2
2023-07,头部撰写数,05,周媛媛,高级,1,2,3
2023-08,头部撰写数,05,周媛媛,高级,0,1,1
2023-11,头部撰写数,05,周媛媛,高级,0,5,5
2023-12,头部撰写数,05,周媛媛,高级,4,4,8
2024-01,头部撰写数,05,周媛媛,高级,12,4,16
2024-02,头部撰写数,05,周媛媛,高级,4,7,11
2024-03,头部撰写数,05,周媛媛,高级,15,20,35
2024-04,头部撰写数,05,周媛媛,高级,9,15,24
2024-05,头部撰写数,05,周媛媛,高级,4,8,12
2024-06,头部撰写数,05,周媛媛,高级,3,12,15
2024-07,头部撰写数,05,周媛媛,高级,1,13,14
2024-08,头部撰写数,05,周媛媛,高级,6,16,22
2024-09,头部撰写数,05,周媛媛,高级,4,16,20
2024-10,头部撰写数,05,周媛媛,高级,3,18,21
2024-11,头部撰写数,05,周媛媛,高级,5,21,26
2024-12,头部撰写数,05,周媛媛,高级,3,20,23
2025-01,头部撰写数,05,周媛媛,高级,2,5,7
2025-02,头部撰写数,05,周媛媛,高级,1,9,10
2025-03,头部撰写数,05,周媛媛,高级,1,16,17
2025-04,头部撰写数,05,周媛媛,高级,1,17,18
2025-05,头部撰写数,05,周媛媛,高级,1,14,15
2025-06,头部撰写数,05,周媛媛,高级,0,20,20
2025-07,头部撰写数,05,周媛媛,高级,2,17,19
2025-08,头部撰写数,05,周媛媛,高级,1,11,12
2025-09,头部撰写数,05,周媛媛,高级,3,14,17
2025-10,头部撰写数,05,周媛媛,高级,2,19,21
2025-11,头部撰写数,05,周媛媛,高级,3,20,23
2025-12,头部撰写数,05,周媛媛,高级,3,16,19
2026-01,头部撰写数,05,周媛媛,高级,6,30,36
2026-02,头部撰写数,05,周媛媛,高级,1,16,17
2026-03,头部撰写数,05,周媛媛,高级,2,28,30
2026-04,头部撰写数,05,周媛媛,高级,3,16,19
2021-10,头部撰写数,06,曲艺,高级,2,2,4
2021-11,头部撰写数,06,曲艺,高级,0,1,1
2022-02,头部撰写数,06,曲艺,高级,1,1,2
2022-04,头部撰写数,06,曲艺,高级,0,1,1
2022-06,头部撰写数,06,曲艺,高级,1,0,1
2022-07,头部撰写数,06,曲艺,高级,3,0,3
2022-11,头部撰写数,06,曲艺,高级,0,1,1
2022-12,头部撰写数,06,曲艺,高级,0,1,1
2023-01,头部撰写数,06,曲艺,高级,1,0,1
2023-03,头部撰写数,06,曲艺,高级,1,2,3
2023-04,头部撰写数,06,曲艺,高级,0,1,1
2023-05,头部撰写数,06,曲艺,高级,3,2,5
2023-06,头部撰写数,06,曲艺,高级,1,0,1
2023-07,头部撰写数,06,曲艺,高级,1,0,1
2023-09,头部撰写数,06,曲艺,高级,3,1,4
2023-10,头部撰写数,06,曲艺,高级,2,5,7
2023-11,头部撰写数,06,曲艺,高级,10,9,19
2023-12,头部撰写数,06,曲艺,高级,2,4,6
2024-01,头部撰写数,06,曲艺,高级,2,6,8
2024-02,头部撰写数,06,曲艺,高级,1,6,7
2024-03,头部撰写数,06,曲艺,高级,1,4,5
2024-04,头部撰写数,06,曲艺,高级,13,17,30
2024-05,头部撰写数,06,曲艺,高级,4,12,16
2024-06,头部撰写数,06,曲艺,高级,3,10,13
2024-07,头部撰写数,06,曲艺,高级,10,6,16
2024-08,头部撰写数,06,曲艺,高级,12,13,25
2024-09,头部撰写数,06,曲艺,高级,10,28,38
2024-10,头部撰写数,06,曲艺,高级,10,18,28
2024-11,头部撰写数,06,曲艺,高级,6,21,27
2024-12,头部撰写数,06,曲艺,高级,5,24,29
2025-01,头部撰写数,06,曲艺,高级,3,8,11
2025-02,头部撰写数,06,曲艺,高级,1,14,15
2025-03,头部撰写数,06,曲艺,高级,3,30,33
2025-04,头部撰写数,06,曲艺,高级,3,34,37
2025-05,头部撰写数,06,曲艺,高级,5,24,29
2025-06,头部撰写数,06,曲艺,高级,4,30,34
2025-07,头部撰写数,06,曲艺,高级,3,23,26
2025-08,头部撰写数,06,曲艺,高级,6,34,40
2025-09,头部撰写数,06,曲艺,高级,3,37,40
2025-10,头部撰写数,06,曲艺,高级,10,24,34
2025-11,头部撰写数,06,曲艺,高级,6,22,28
2025-12,头部撰写数,06,曲艺,高级,9,30,39
2026-01,头部撰写数,06,曲艺,高级,7,33,40
2026-02,头部撰写数,06,曲艺,高级,2,12,14
2026-03,头部撰写数,06,曲艺,高级,7,27,34
2026-04,头部撰写数,06,曲艺,高级,6,35,41
2026-05,头部撰写数,06,曲艺,高级,7,34,41
2026-06,头部撰写数,06,曲艺,高级,2,28,30
2026-07,头部撰写数,06,曲艺,高级,12,52,64
2021-12,头部撰写数,07,苏畅,高级,1,0,1
2022-04,头部撰写数,07,苏畅,高级,1,0,1
2022-06,头部撰写数,07,苏畅,高级,2,0,2
2022-07,头部撰写数,07,苏畅,高级,2,0,2
2022-08,头部撰写数,07,苏畅,高级,3,0,3
2022-10,头部撰写数,07,苏畅,高级,0,2,2
2022-11,头部撰写数,07,苏畅,高级,1,1,2
2022-12,头部撰写数,07,苏畅,高级,2,0,2
2023-01,头部撰写数,07,苏畅,高级,2,0,2
2023-02,头部撰写数,07,苏畅,高级,0,1,1
2023-03,头部撰写数,07,苏畅,高级,0,1,1
2023-04,头部撰写数,07,苏畅,高级,0,2,2
2023-05,头部撰写数,07,苏畅,高级,0,2,2
2023-06,头部撰写数,07,苏畅,高级,0,1,1
2023-08,头部撰写数,07,苏畅,高级,1,1,2
2023-09,头部撰写数,07,苏畅,高级,0,1,1
2023-10,头部撰写数,07,苏畅,高级,4,12,16
2023-11,头部撰写数,07,苏畅,高级,4,12,16
2023-12,头部撰写数,07,苏畅,高级,11,10,21
2024-01,头部撰写数,07,苏畅,高级,7,14,21
2024-02,头部撰写数,07,苏畅,高级,2,8,10
2024-03,头部撰写数,07,苏畅,高级,6,27,33
2024-04,头部撰写数,07,苏畅,高级,15,20,35
2024-05,头部撰写数,07,苏畅,高级,7,26,33
2024-06,头部撰写数,07,苏畅,高级,13,13,26
2024-07,头部撰写数,07,苏畅,高级,3,18,21
2024-08,头部撰写数,07,苏畅,高级,2,21,23
2024-09,头部撰写数,07,苏畅,高级,6,17,23
2024-10,头部撰写数,07,苏畅,高级,7,13,20
2024-11,头部撰写数,07,苏畅,高级,3,22,25
2024-12,头部撰写数,07,苏畅,高级,8,23,31
2025-01,头部撰写数,07,苏畅,高级,2,19,21
2025-02,头部撰写数,07,苏畅,高级,9,14,23
2025-03,头部撰写数,07,苏畅,高级,12,24,36
2025-04,头部撰写数,07,苏畅,高级,8,24,32
2025-05,头部撰写数,07,苏畅,高级,9,28,37
2025-06,头部撰写数,07,苏畅,高级,7,24,31
2025-07,头部撰写数,07,苏畅,高级,11,23,34
2025-08,头部撰写数,07,苏畅,高级,4,31,35
2025-09,头部撰写数,07,苏畅,高级,8,25,33
2025-10,头部撰写数,07,苏畅,高级,14,29,43
2025-11,头部撰写数,07,苏畅,高级,12,45,57
2025-12,头部撰写数,07,苏畅,高级,15,43,58
2026-01,头部撰写数,07,苏畅,高级,12,51,63
2026-02,头部撰写数,07,苏畅,高级,2,17,19
2026-03,头部撰写数,07,苏畅,高级,4,34,38
2026-04,头部撰写数,07,苏畅,高级,7,31,38
2026-05,头部撰写数,07,苏畅,高级,11,31,42
2026-06,头部撰写数,07,苏畅,高级,2,31,33
2026-07,头部撰写数,07,苏畅,高级,6,30,36
2022-04,头部撰写数,08,张志轩,高级,1,0,1
2022-05,头部撰写数,08,张志轩,高级,1,0,1
2022-06,头部撰写数,08,张志轩,高级,3,0,3
2022-08,头部撰写数,08,张志轩,高级,1,0,1
2022-12,头部撰写数,08,张志轩,高级,1,0,1
2023-01,头部撰写数,08,张志轩,高级,1,0,1
2023-02,头部撰写数,08,张志轩,高级,0,2,2
2023-03,头部撰写数,08,张志轩,高级,1,0,1
2023-05,头部撰写数,08,张志轩,高级,1,0,1
2023-06,头部撰写数,08,张志轩,高级,1,1,2
2023-08,头部撰写数,08,张志轩,高级,0,1,1
2023-09,头部撰写数,08,张志轩,高级,3,0,3
2023-10,头部撰写数,08,张志轩,高级,1,3,4
2023-11,头部撰写数,08,张志轩,高级,3,1,4
2023-12,头部撰写数,08,张志轩,高级,4,18,22
2024-01,头部撰写数,08,张志轩,高级,7,12,19
2024-02,头部撰写数,08,张志轩,高级,5,9,14
2024-03,头部撰写数,08,张志轩,高级,8,6,14
2024-04,头部撰写数,08,张志轩,高级,3,10,13
2024-05,头部撰写数,08,张志轩,高级,5,6,11
2024-06,头部撰写数,08,张志轩,高级,4,7,11
2024-07,头部撰写数,08,张志轩,高级,5,18,23
2024-08,头部撰写数,08,张志轩,高级,2,11,13
2024-09,头部撰写数,08,张志轩,高级,11,11,22
2024-10,头部撰写数,08,张志轩,高级,3,13,16
2024-11,头部撰写数,08,张志轩,高级,9,6,15
2024-12,头部撰写数,08,张志轩,高级,3,14,17
2025-01,头部撰写数,08,张志轩,高级,3,19,22
2025-02,头部撰写数,08,张志轩,高级,2,5,7
2025-03,头部撰写数,08,张志轩,高级,3,15,18
2025-04,头部撰写数,08,张志轩,高级,1,9,10
2025-05,头部撰写数,08,张志轩,高级,4,12,16
2025-06,头部撰写数,08,张志轩,高级,1,4,5
2025-07,头部撰写数,08,张志轩,高级,2,8,10
2025-08,头部撰写数,08,张志轩,高级,2,7,9
2025-09,头部撰写数,08,张志轩,高级,0,8,8
2025-10,头部撰写数,08,张志轩,高级,12,22,34
2025-11,头部撰写数,08,张志轩,高级,3,9,12
2025-12,头部撰写数,08,张志轩,高级,19,51,70
2026-01,头部撰写数,08,张志轩,高级,4,23,27
2026-02,头部撰写数,08,张志轩,高级,1,9,10
2026-03,头部撰写数,08,张志轩,高级,1,17,18
2026-04,头部撰写数,08,张志轩,高级,3,18,21
2026-05,头部撰写数,08,张志轩,高级,3,22,25
2026-06,头部撰写数,08,张志轩,高级,2,17,19
2026-07,头部撰写数,08,张志轩,高级,2,17,19
2022-04,头部撰写数,09,邝怡,高级,1,0,1
2022-08,头部撰写数,09,邝怡,高级,2,0,2
2022-09,头部撰写数,09,邝怡,高级,1,0,1
2022-11,头部撰写数,09,邝怡,高级,3,0,3
2022-12,头部撰写数,09,邝怡,高级,1,0,1
2023-03,头部撰写数,09,邝怡,高级,2,1,3
2023-04,头部撰写数,09,邝怡,高级,1,0,1
2023-05,头部撰写数,09,邝怡,高级,4,1,5
2023-06,头部撰写数,09,邝怡,高级,3,1,4
2023-07,头部撰写数,09,邝怡,高级,1,1,2
2023-09,头部撰写数,09,邝怡,高级,1,2,3
2023-10,头部撰写数,09,邝怡,高级,7,10,17
2023-11,头部撰写数,09,邝怡,高级,4,4,8
2023-12,头部撰写数,09,邝怡,高级,10,6,16
2024-01,头部撰写数,09,邝怡,高级,1,2,3
2024-02,头部撰写数,09,邝怡,高级,4,6,10
2024-03,头部撰写数,09,邝怡,高级,3,1,4
2024-04,头部撰写数,09,邝怡,高级,4,9,13
2024-05,头部撰写数,09,邝怡,高级,5,0,5
2024-06,头部撰写数,09,邝怡,高级,5,1,6
2024-07,头部撰写数,09,邝怡,高级,1,1,2
2024-08,头部撰写数,09,邝怡,高级,1,9,10
2024-09,头部撰写数,09,邝怡,高级,4,8,12
2024-10,头部撰写数,09,邝怡,高级,1,6,7
2024-11,头部撰写数,09,邝怡,高级,8,6,14
2024-12,头部撰写数,09,邝怡,高级,4,7,11
2025-01,头部撰写数,09,邝怡,高级,2,12,14
2025-02,头部撰写数,09,邝怡,高级,6,20,26
2025-03,头部撰写数,09,邝怡,高级,2,16,18
2025-04,头部撰写数,09,邝怡,高级,1,10,11
2025-05,头部撰写数,09,邝怡,高级,5,19,24
2025-06,头部撰写数,09,邝怡,高级,1,22,23
2025-07,头部撰写数,09,邝怡,高级,2,5,7
2025-08,头部撰写数,09,邝怡,高级,1,5,6
2025-09,头部撰写数,09,邝怡,高级,1,11,12
2025-10,头部撰写数,09,邝怡,高级,0,9,9
2025-11,头部撰写数,09,邝怡,高级,0,10,10
2025-12,头部撰写数,09,邝怡,高级,0,8,8
2026-01,头部撰写数,09,邝怡,高级,8,17,25
2026-02,头部撰写数,09,邝怡,高级,2,11,13
2026-03,头部撰写数,09,邝怡,高级,3,15,18
2026-04,头部撰写数,09,邝怡,高级,1,9,10
2026-05,头部撰写数,09,邝怡,高级,2,8,10
2026-06,头部撰写数,09,邝怡,高级,2,5,7
2026-07,头部撰写数,09,邝怡,高级,1,10,11
2022-11,头部撰写数,10,吴璇,高级,7,1,8
2023-05,头部撰写数,10,吴璇,高级,1,0,1
2023-06,头部撰写数,10,吴璇,高级,2,0,2
2023-07,头部撰写数,10,吴璇,高级,2,0,2
2023-08,头部撰写数,10,吴璇,高级,3,0,3
2023-09,头部撰写数,10,吴璇,高级,1,0,1
2023-10,头部撰写数,10,吴璇,高级,10,0,10
2023-11,头部撰写数,10,吴璇,高级,6,0,6
2023-12,头部撰写数,10,吴璇,高级,6,0,6
2024-01,头部撰写数,10,吴璇,高级,5,0,5
2024-02,头部撰写数,10,吴璇,高级,1,0,1
2024-03,头部撰写数,10,吴璇,高级,5,0,5
2024-04,头部撰写数,10,吴璇,高级,17,2,19
2024-05,头部撰写数,10,吴璇,高级,9,3,12
2024-06,头部撰写数,10,吴璇,高级,8,13,21
2024-07,头部撰写数,10,吴璇,高级,4,5,9
2024-08,头部撰写数,10,吴璇,高级,7,3,10
2024-09,头部撰写数,10,吴璇,高级,3,8,11
2024-10,头部撰写数,10,吴璇,高级,3,15,18
2024-11,头部撰写数,10,吴璇,高级,11,15,26
2024-12,头部撰写数,10,吴璇,高级,7,18,25
2025-01,头部撰写数,10,吴璇,高级,2,10,12
2025-02,头部撰写数,10,吴璇,高级,7,8,15
2025-03,头部撰写数,10,吴璇,高级,8,8,16
2025-04,头部撰写数,10,吴璇,高级,3,8,11
2025-05,头部撰写数,10,吴璇,高级,9,13,22
2025-06,头部撰写数,10,吴璇,高级,6,13,19
2025-07,头部撰写数,10,吴璇,高级,8,21,29
2025-08,头部撰写数,10,吴璇,高级,2,3,5
2025-09,头部撰写数,10,吴璇,高级,0,18,18
2025-10,头部撰写数,10,吴璇,高级,8,24,32
2025-11,头部撰写数,10,吴璇,高级,8,26,34
2025-12,头部撰写数,10,吴璇,高级,14,23,37
2026-01,头部撰写数,10,吴璇,高级,6,15,21
2026-02,头部撰写数,10,吴璇,高级,7,15,22
2026-03,头部撰写数,10,吴璇,高级,5,16,21
2026-04,头部撰写数,10,吴璇,高级,3,11,14
2026-05,头部撰写数,10,吴璇,高级,3,12,15
2026-06,头部撰写数,10,吴璇,高级,9,13,22
2026-07,头部撰写数,10,吴璇,高级,10,5,15
2023-10,头部撰写数,11,张秋梅,中级,7,0,7
2023-11,头部撰写数,11,张秋梅,中级,1,0,1
2023-12,头部撰写数,11,张秋梅,中级,4,0,4
2024-01,头部撰写数,11,张秋梅,中级,4,0,4
2024-02,头部撰写数,11,张秋梅,中级,3,0,3
2024-03,头部撰写数,11,张秋梅,中级,3,0,3
2024-04,头部撰写数,11,张秋梅,中级,2,0,2
2024-05,头部撰写数,11,张秋梅,中级,4,0,4
2024-06,头部撰写数,11,张秋梅,中级,3,0,3
2024-07,头部撰写数,11,张秋梅,中级,10,0,10
2024-08,头部撰写数,11,张秋梅,中级,9,0,9
2024-09,头部撰写数,11,张秋梅,中级,9,0,9
2024-10,头部撰写数,11,张秋梅,中级,14,0,14
2024-11,头部撰写数,11,张秋梅,中级,14,0,14
2024-12,头部撰写数,11,张秋梅,中级,18,1,19
2025-01,头部撰写数,11,张秋梅,中级,14,0,14
2025-02,头部撰写数,11,张秋梅,中级,4,0,4
2025-03,头部撰写数,11,张秋梅,中级,9,0,9
2025-04,头部撰写数,11,张秋梅,中级,13,1,14
2025-05,头部撰写数,11,张秋梅,中级,10,0,10
2025-06,头部撰写数,11,张秋梅,中级,17,0,17
2025-07,头部撰写数,11,张秋梅,中级,14,0,14
2025-08,头部撰写数,11,张秋梅,中级,18,0,18
2025-09,头部撰写数,11,张秋梅,中级,28,0,28
2025-10,头部撰写数,11,张秋梅,中级,23,1,24
2025-11,头部撰写数,11,张秋梅,中级,28,0,28
2025-12,头部撰写数,11,张秋梅,中级,14,0,14
2026-01,头部撰写数,11,张秋梅,中级,39,0,39
2026-02,头部撰写数,11,张秋梅,中级,5,0,5
2026-03,头部撰写数,11,张秋梅,中级,25,0,25
2026-04,头部撰写数,11,张秋梅,中级,9,0,9
2026-05,头部撰写数,11,张秋梅,中级,13,0,13
2026-06,头部撰写数,11,张秋梅,中级,25,0,25
2026-07,头部撰写数,11,张秋梅,中级,8,0,8
2023-10,头部撰写数,12,刘慜思,中级,1,0,1
2023-11,头部撰写数,12,刘慜思,中级,4,0,4
2023-12,头部撰写数,12,刘慜思,中级,2,0,2
2024-01,头部撰写数,12,刘慜思,中级,2,0,2
2024-02,头部撰写数,12,刘慜思,中级,3,0,3
2024-03,头部撰写数,12,刘慜思,中级,2,0,2
2024-04,头部撰写数,12,刘慜思,中级,5,0,5
2024-05,头部撰写数,12,刘慜思,中级,2,0,2
2024-06,头部撰写数,12,刘慜思,中级,4,0,4
2024-07,头部撰写数,12,刘慜思,中级,7,0,7
2024-08,头部撰写数,12,刘慜思,中级,12,0,12
2024-09,头部撰写数,12,刘慜思,中级,4,0,4
2024-10,头部撰写数,12,刘慜思,中级,10,2,12
2024-11,头部撰写数,12,刘慜思,中级,7,1,8
2024-12,头部撰写数,12,刘慜思,中级,9,0,9
2025-01,头部撰写数,12,刘慜思,中级,6,0,6
2025-02,头部撰写数,12,刘慜思,中级,12,0,12
2025-03,头部撰写数,12,刘慜思,中级,15,0,15
2025-04,头部撰写数,12,刘慜思,中级,16,0,16
2025-05,头部撰写数,12,刘慜思,中级,19,0,19
2025-06,头部撰写数,12,刘慜思,中级,13,0,13
2025-07,头部撰写数,12,刘慜思,中级,4,0,4
2025-08,头部撰写数,12,刘慜思,中级,17,0,17
2025-09,头部撰写数,12,刘慜思,中级,9,1,10
2025-10,头部撰写数,12,刘慜思,中级,26,0,26
2025-11,头部撰写数,12,刘慜思,中级,22,0,22
2025-12,头部撰写数,12,刘慜思,中级,16,0,16
2026-01,头部撰写数,12,刘慜思,中级,21,0,21
2026-02,头部撰写数,12,刘慜思,中级,14,0,14
2026-03,头部撰写数,12,刘慜思,中级,14,0,14
2026-04,头部撰写数,12,刘慜思,中级,26,1,27
2026-05,头部撰写数,12,刘慜思,中级,22,0,22
2026-06,头部撰写数,12,刘慜思,中级,14,0,14
2026-07,头部撰写数,12,刘慜思,中级,10,0,10
2023-04,头部撰写数,13,康博,其它,4,0,4
2023-05,头部撰写数,13,康博,其它,3,0,3
2023-06,头部撰写数,13,康博,其它,2,0,2
2023-07,头部撰写数,13,康博,其它,1,0,1
2023-08,头部撰写数,13,康博,其它,1,0,1
2023-10,头部撰写数,13,康博,其它,24,1,25
2023-11,头部撰写数,13,康博,其它,3,0,3
2023-12,头部撰写数,13,康博,其它,9,0,9
2024-01,头部撰写数,13,康博,其它,10,0,10
2024-02,头部撰写数,13,康博,其它,10,0,10
2024-03,头部撰写数,13,康博,其它,12,0,12
2024-04,头部撰写数,13,康博,其它,20,0,20
2024-05,头部撰写数,13,康博,其它,18,0,18
2024-06,头部撰写数,13,康博,其它,17,1,18
2024-07,头部撰写数,13,康博,其它,18,0,18
2024-08,头部撰写数,13,康博,其它,16,0,16
2024-09,头部撰写数,13,康博,其它,30,0,30
2024-10,头部撰写数,13,康博,其它,19,1,20
2024-11,头部撰写数,13,康博,其它,17,0,17
2024-12,头部撰写数,13,康博,其它,21,2,23
2025-01,头部撰写数,13,康博,其它,1,0,1
2025-02,头部撰写数,13,康博,其它,19,1,20
2025-03,头部撰写数,13,康博,其它,23,0,23
2025-04,头部撰写数,13,康博,其它,21,1,22
2025-05,头部撰写数,13,康博,其它,21,0,21
2025-06,头部撰写数,13,康博,其它,16,0,16
2025-07,头部撰写数,13,康博,其它,8,0,8
2025-08,头部撰写数,13,康博,其它,21,0,21
2025-09,头部撰写数,13,康博,其它,11,0,11
2025-10,头部撰写数,13,康博,其它,5,0,5
2025-11,头部撰写数,13,康博,其它,9,0,9
2025-12,头部撰写数,13,康博,其它,6,0,6
2026-01,头部撰写数,13,康博,其它,5,0,5
2026-02,头部撰写数,13,康博,其它,10,0,10
2026-03,头部撰写数,13,康博,其它,8,0,8
2026-04,头部撰写数,13,康博,其它,3,0,3
2026-05,头部撰写数,13,康博,其它,5,0,5
2026-06,头部撰写数,13,康博,其它,6,0,6
2026-07,头部撰写数,13,康博,其它,20,0,20
2023-10,头部撰写数,14,简乐诗,中级,4,0,4
2023-11,头部撰写数,14,简乐诗,中级,4,0,4
2023-12,头部撰写数,14,简乐诗,中级,1,0,1
2024-01,头部撰写数,14,简乐诗,中级,3,0,3
2024-02,头部撰写数,14,简乐诗,中级,6,0,6
2024-03,头部撰写数,14,简乐诗,中级,7,0,7
2024-04,头部撰写数,14,简乐诗,中级,8,0,8
2024-05,头部撰写数,14,简乐诗,中级,10,1,11
2024-06,头部撰写数,14,简乐诗,中级,13,0,13
2024-07,头部撰写数,14,简乐诗,中级,5,0,5
2024-08,头部撰写数,14,简乐诗,中级,10,0,10
2024-09,头部撰写数,14,简乐诗,中级,2,0,2
2024-10,头部撰写数,14,简乐诗,中级,10,0,10
2024-11,头部撰写数,14,简乐诗,中级,17,0,17
2024-12,头部撰写数,14,简乐诗,中级,21,0,21
2025-01,头部撰写数,14,简乐诗,中级,17,0,17
2025-02,头部撰写数,14,简乐诗,中级,9,0,9
2025-03,头部撰写数,14,简乐诗,中级,8,0,8
2025-04,头部撰写数,14,简乐诗,中级,10,0,10
2025-05,头部撰写数,14,简乐诗,中级,17,0,17
2025-06,头部撰写数,14,简乐诗,中级,16,0,16
2025-07,头部撰写数,14,简乐诗,中级,12,0,12
2025-08,头部撰写数,14,简乐诗,中级,10,0,10
2025-09,头部撰写数,14,简乐诗,中级,12,0,12
2025-10,头部撰写数,14,简乐诗,中级,24,0,24
2025-11,头部撰写数,14,简乐诗,中级,13,0,13
2025-12,头部撰写数,14,简乐诗,中级,18,0,18
2026-01,头部撰写数,14,简乐诗,中级,27,6,33
2026-02,头部撰写数,14,简乐诗,中级,13,1,14
2026-03,头部撰写数,14,简乐诗,中级,22,13,35
2026-04,头部撰写数,14,简乐诗,中级,20,16,36
2026-05,头部撰写数,14,简乐诗,中级,16,6,22
2026-06,头部撰写数,14,简乐诗,中级,13,7,20
2026-07,头部撰写数,14,简乐诗,中级,15,5,20
2023-10,头部撰写数,15,陈可欣,中级,3,0,3
2023-11,头部撰写数,15,陈可欣,中级,5,0,5
2023-12,头部撰写数,15,陈可欣,中级,2,0,2
2024-01,头部撰写数,15,陈可欣,中级,5,0,5
2024-02,头部撰写数,15,陈可欣,中级,10,0,10
2024-03,头部撰写数,15,陈可欣,中级,8,0,8
2024-04,头部撰写数,15,陈可欣,中级,5,0,5
2024-05,头部撰写数,15,陈可欣,中级,10,0,10
2024-06,头部撰写数,15,陈可欣,中级,15,1,16
2024-07,头部撰写数,15,陈可欣,中级,15,0,15
2024-08,头部撰写数,15,陈可欣,中级,4,0,4
2024-09,头部撰写数,15,陈可欣,中级,8,0,8
2024-10,头部撰写数,15,陈可欣,中级,9,0,9
2024-11,头部撰写数,15,陈可欣,中级,18,0,18
2024-12,头部撰写数,15,陈可欣,中级,24,1,25
2025-01,头部撰写数,15,陈可欣,中级,15,0,15
2025-02,头部撰写数,15,陈可欣,中级,11,0,11
2025-03,头部撰写数,15,陈可欣,中级,8,0,8
2025-04,头部撰写数,15,陈可欣,中级,20,0,20
2025-05,头部撰写数,15,陈可欣,中级,24,0,24
2025-06,头部撰写数,15,陈可欣,中级,17,0,17
2025-07,头部撰写数,15,陈可欣,中级,23,0,23
2025-08,头部撰写数,15,陈可欣,中级,21,0,21
2025-09,头部撰写数,15,陈可欣,中级,26,4,30
2025-10,头部撰写数,15,陈可欣,中级,11,3,14
2025-11,头部撰写数,15,陈可欣,中级,22,5,27
2025-12,头部撰写数,15,陈可欣,中级,29,7,36
2026-01,头部撰写数,15,陈可欣,中级,15,8,23
2026-02,头部撰写数,15,陈可欣,中级,12,8,20
2026-03,头部撰写数,15,陈可欣,中级,9,14,23
2026-04,头部撰写数,15,陈可欣,中级,19,27,46
2026-05,头部撰写数,15,陈可欣,中级,13,23,36
2026-06,头部撰写数,15,陈可欣,中级,12,21,33
2026-07,头部撰写数,15,陈可欣,中级,13,23,36
2024-07,头部撰写数,16,曲莹莹,中级,3,0,3
2024-08,头部撰写数,16,曲莹莹,中级,2,0,2
2024-09,头部撰写数,16,曲莹莹,中级,19,1,20
2024-10,头部撰写数,16,曲莹莹,中级,11,0,11
2024-11,头部撰写数,16,曲莹莹,中级,6,0,6
2024-12,头部撰写数,16,曲莹莹,中级,16,0,16
2025-01,头部撰写数,16,曲莹莹,中级,16,0,16
2025-02,头部撰写数,16,曲莹莹,中级,8,0,8
2025-03,头部撰写数,16,曲莹莹,中级,18,0,18
2025-04,头部撰写数,16,曲莹莹,中级,14,0,14
2025-05,头部撰写数,16,曲莹莹,中级,13,0,13
2025-06,头部撰写数,16,曲莹莹,中级,21,0,21
2025-07,头部撰写数,16,曲莹莹,中级,19,0,19
2025-08,头部撰写数,16,曲莹莹,中级,13,0,13
2025-09,头部撰写数,16,曲莹莹,中级,24,0,24
2025-10,头部撰写数,16,曲莹莹,中级,36,0,36
2025-11,头部撰写数,16,曲莹莹,中级,27,0,27
2025-12,头部撰写数,16,曲莹莹,中级,16,0,16
2026-01,头部撰写数,16,曲莹莹,中级,18,0,18
2026-02,头部撰写数,16,曲莹莹,中级,5,0,5
2026-03,头部撰写数,16,曲莹莹,中级,19,0,19
2026-04,头部撰写数,16,曲莹莹,中级,14,0,14
2026-05,头部撰写数,16,曲莹莹,中级,31,0,31
2026-06,头部撰写数,16,曲莹莹,中级,12,0,12
2026-07,头部撰写数,16,曲莹莹,中级,7,0,7
2024-06,头部撰写数,17,陶琼瑶,中级,2,0,2
2024-07,头部撰写数,17,陶琼瑶,中级,4,0,4
2024-08,头部撰写数,17,陶琼瑶,中级,11,0,11
2024-09,头部撰写数,17,陶琼瑶,中级,13,0,13
2024-10,头部撰写数,17,陶琼瑶,中级,26,0,26
2024-11,头部撰写数,17,陶琼瑶,中级,8,0,8
2024-12,头部撰写数,17,陶琼瑶,中级,17,0,17
2025-01,头部撰写数,17,陶琼瑶,中级,8,0,8
2025-02,头部撰写数,17,陶琼瑶,中级,8,0,8
2025-03,头部撰写数,17,陶琼瑶,中级,11,0,11
2025-04,头部撰写数,17,陶琼瑶,中级,20,0,20
2025-05,头部撰写数,17,陶琼瑶,中级,12,0,12
2025-06,头部撰写数,17,陶琼瑶,中级,13,0,13
2025-07,头部撰写数,17,陶琼瑶,中级,9,0,9
2025-08,头部撰写数,17,陶琼瑶,中级,23,0,23
2025-09,头部撰写数,17,陶琼瑶,中级,21,0,21
2025-10,头部撰写数,17,陶琼瑶,中级,29,0,29
2025-11,头部撰写数,17,陶琼瑶,中级,19,0,19
2025-12,头部撰写数,17,陶琼瑶,中级,14,0,14
2026-01,头部撰写数,17,陶琼瑶,中级,25,0,25
2026-02,头部撰写数,17,陶琼瑶,中级,9,0,9
2026-03,头部撰写数,17,陶琼瑶,中级,20,0,20
2026-04,头部撰写数,17,陶琼瑶,中级,38,1,39
2026-05,头部撰写数,17,陶琼瑶,中级,27,0,27
2026-06,头部撰写数,17,陶琼瑶,中级,19,0,19
2025-11,头部撰写数,18,马萌,初级,2,0,2
2025-12,头部撰写数,18,马萌,初级,3,0,3
2026-01,头部撰写数,18,马萌,初级,7,0,7
2026-02,头部撰写数,18,马萌,初级,4,0,4
2026-03,头部撰写数,18,马萌,初级,5,0,5
2026-04,头部撰写数,18,马萌,初级,9,0,9
2026-05,头部撰写数,18,马萌,初级,12,0,12
2026-06,头部撰写数,18,马萌,初级,12,0,12
2026-07,头部撰写数,18,马萌,初级,9,0,9
2024-10,头部撰写数,20,李铭婕,中级,4,0,4
2024-11,头部撰写数,20,李铭婕,中级,8,0,8
2024-12,头部撰写数,20,李铭婕,中级,8,2,10
2025-01,头部撰写数,20,李铭婕,中级,8,1,9
2025-02,头部撰写数,20,李铭婕,中级,7,0,7
2025-03,头部撰写数,20,李铭婕,中级,26,0,26
2025-04,头部撰写数,20,李铭婕,中级,21,3,24
2025-05,头部撰写数,20,李铭婕,中级,29,1,30
2025-06,头部撰写数,20,李铭婕,中级,17,0,17
2025-07,头部撰写数,20,李铭婕,中级,22,1,23
2025-08,头部撰写数,20,李铭婕,中级,18,0,18
2025-09,头部撰写数,20,李铭婕,中级,20,0,20
2025-10,头部撰写数,20,李铭婕,中级,18,0,18
2025-11,头部撰写数,20,李铭婕,中级,30,0,30
2025-12,头部撰写数,20,李铭婕,中级,43,1,44
2026-01,头部撰写数,20,李铭婕,中级,26,0,26
2026-02,头部撰写数,20,李铭婕,中级,18,1,19
2026-03,头部撰写数,20,李铭婕,中级,29,0,29
2026-04,头部撰写数,20,李铭婕,中级,23,0,23
2026-05,头部撰写数,20,李铭婕,中级,27,0,27
2026-06,头部撰写数,20,李铭婕,中级,24,0,24
2026-07,头部撰写数,20,李铭婕,中级,14,1,15
2025-06,头部撰写数,21,王兆雪,初级,1,0,1
2026-01,头部撰写数,21,王兆雪,初级,7,0,7
2026-02,头部撰写数,21,王兆雪,初级,7,0,7
2026-03,头部撰写数,21,王兆雪,初级,8,0,8
2026-05,头部撰写数,21,王兆雪,初级,12,0,12
2026-06,头部撰写数,21,王兆雪,初级,7,0,7
2026-07,头部撰写数,21,王兆雪,初级,11,0,11
2025-12,头部撰写数,22,冯军利,初级,2,0,2
2026-01,头部撰写数,22,冯军利,初级,9,0,9
2026-02,头部撰写数,22,冯军利,初级,8,0,8
2026-03,头部撰写数,22,冯军利,初级,4,0,4
2026-04,头部撰写数,22,冯军利,初级,4,0,4
2026-05,头部撰写数,22,冯军利,初级,15,0,15
2026-06,头部撰写数,22,冯军利,初级,4,0,4
2026-07,头部撰写数,22,冯军利,初级,7,0,7
2025-12,头部撰写数,23,张若邈,初级,1,0,1
2026-01,头部撰写数,23,张若邈,初级,3,0,3
2026-02,头部撰写数,23,张若邈,初级,11,0,11
2026-03,头部撰写数,23,张若邈,初级,1,0,1
2026-04,头部撰写数,23,张若邈,初级,13,0,13
2026-05,头部撰写数,23,张若邈,初级,9,0,9
2026-06,头部撰写数,23,张若邈,初级,5,0,5
2026-07,头部撰写数,23,张若邈,初级,4,0,4
2025-11,头部撰写数,24,江蓝,初级,1,0,1
2025-12,头部撰写数,24,江蓝,初级,5,0,5
2026-01,头部撰写数,24,江蓝,初级,8,0,8
2026-02,头部撰写数,24,江蓝,初级,4,0,4
2026-03,头部撰写数,24,江蓝,初级,13,0,13
2026-04,头部撰写数,24,江蓝,初级,9,0,9
2026-05,头部撰写数,24,江蓝,初级,9,0,9
2026-06,头部撰写数,24,江蓝,初级,8,0,8
2026-07,头部撰写数,24,江蓝,初级,17,0,17
2026-05,头部撰写数,25,刘坤,初级,7,0,7
2026-06,头部撰写数,25,刘坤,初级,25,0,25
2026-07,头部撰写数,25,刘坤,初级,27,0,27
2022-09,头部撰写数,,于飞,未登记,1,0,1
2022-10,头部撰写数,,于飞,未登记,3,0,3
2022-12,头部撰写数,,于飞,未登记,1,0,1
2023-02,头部撰写数,,于飞,未登记,1,0,1
2023-03,头部撰写数,,于飞,未登记,1,0,1
2023-06,头部撰写数,,于飞,未登记,2,0,2
2021-08,头部撰写数,,傅梦竹,未登记,0,1,1
2021-09,头部撰写数,,傅梦竹,未登记,0,1,1
2021-10,头部撰写数,,傅梦竹,未登记,1,0,1
2021-11,头部撰写数,,傅梦竹,未登记,0,3,3
2021-12,头部撰写数,,傅梦竹,未登记,0,2,2
2022-05,头部撰写数,,傅梦竹,未登记,0,2,2
2022-06,头部撰写数,,傅梦竹,未登记,0,2,2
2022-07,头部撰写数,,傅梦竹,未登记,0,2,2
2022-08,头部撰写数,,傅梦竹,未登记,1,1,2
2022-09,头部撰写数,,傅梦竹,未登记,0,1,1
2022-11,头部撰写数,,傅梦竹,未登记,1,0,1
2022-12,头部撰写数,,傅梦竹,未登记,0,1,1
2023-01,头部撰写数,,傅梦竹,未登记,0,1,1
2023-03,头部撰写数,,傅梦竹,未登记,0,1,1
2023-05,头部撰写数,,傅梦竹,未登记,1,2,3
2023-06,头部撰写数,,傅梦竹,未登记,0,1,1
2023-09,头部撰写数,,傅梦竹,未登记,0,1,1
2023-10,头部撰写数,,傅梦竹,未登记,1,9,10
2023-11,头部撰写数,,傅梦竹,未登记,1,3,4
2023-12,头部撰写数,,傅梦竹,未登记,3,5,8
2024-01,头部撰写数,,傅梦竹,未登记,9,22,31
2024-02,头部撰写数,,傅梦竹,未登记,0,2,2
2024-03,头部撰写数,,傅梦竹,未登记,1,6,7
2024-04,头部撰写数,,傅梦竹,未登记,3,7,10
2024-05,头部撰写数,,傅梦竹,未登记,1,5,6
2024-06,头部撰写数,,傅梦竹,未登记,2,10,12
2024-07,头部撰写数,,傅梦竹,未登记,4,9,13
2024-08,头部撰写数,,傅梦竹,未登记,2,4,6
2024-09,头部撰写数,,傅梦竹,未登记,2,13,15
2024-10,头部撰写数,,傅梦竹,未登记,0,7,7
2024-11,头部撰写数,,傅梦竹,未登记,2,8,10
2026-05,头部撰写数,,傅梦竹,未登记,6,11,17
2026-06,头部撰写数,,傅梦竹,未登记,0,4,4
2026-07,头部撰写数,,傅梦竹,未登记,3,9,12
2021-10,头部撰写数,,刘冉,未登记,1,0,1
2021-11,头部撰写数,,刘冉,未登记,4,2,6
2021-12,头部撰写数,,刘冉,未登记,1,1,2
2022-03,头部撰写数,,刘冉,未登记,0,1,1
2022-05,头部撰写数,,吴凡,未登记,2,0,2
2022-06,头部撰写数,,吴凡,未登记,4,0,4
2022-08,头部撰写数,,吴凡,未登记,1,0,1
2022-09,头部撰写数,,吴凡,未登记,1,0,1
2026-05,头部撰写数,,吴海燕,未登记,2,0,2
2023-10,头部撰写数,,张静,未登记,2,0,2
2023-11,头部撰写数,,张静,未登记,3,0,3
2023-12,头部撰写数,,张静,未登记,11,0,11
2024-01,头部撰写数,,张静,未登记,9,0,9
2024-02,头部撰写数,,张静,未登记,3,0,3
2024-03,头部撰写数,,张静,未登记,3,0,3
2025-12,头部撰写数,,彭涛,未登记,0,1,1
2026-03,头部撰写数,,彭涛,未登记,4,0,4
2026-04,头部撰写数,,彭涛,未登记,15,0,15
2026-05,头部撰写数,,彭涛,未登记,5,0,5
2026-06,头部撰写数,,彭涛,未登记,9,0,9
2026-07,头部撰写数,,彭涛,未登记,3,0,3
2022-04,头部撰写数,,王佳尧,未登记,3,0,3
2022-05,头部撰写数,,王佳尧,未登记,1,0,1
2022-06,头部撰写数,,王佳尧,未登记,1,0,1
2021-08,头部撰写数,,白鹤,未登记,2,3,5
2021-10,头部撰写数,,白鹤,未登记,0,1,1
2021-11,头部撰写数,,白鹤,未登记,1,1,2
2021-12,头部撰写数,,白鹤,未登记,2,1,3
2022-01,头部撰写数,,白鹤,未登记,3,1,4
2022-02,头部撰写数,,白鹤,未登记,2,0,2
2022-03,头部撰写数,,白鹤,未登记,1,1,2
2022-04,头部撰写数,,白鹤,未登记,1,0,1
2022-05,头部撰写数,,白鹤,未登记,0,1,1
2022-06,头部撰写数,,白鹤,未登记,0,5,5
2022-07,头部撰写数,,白鹤,未登记,3,2,5
2022-08,头部撰写数,,白鹤,未登记,2,3,5
2022-09,头部撰写数,,白鹤,未登记,1,0,1
2022-10,头部撰写数,,白鹤,未登记,0,3,3
2022-11,头部撰写数,,白鹤,未登记,2,3,5
2023-10,头部撰写数,,郭瑞泽,未登记,4,0,4
2023-11,头部撰写数,,郭瑞泽,未登记,10,0,10
2023-12,头部撰写数,,郭瑞泽,未登记,6,0,6
2024-01,头部撰写数,,郭瑞泽,未登记,7,0,7
2024-02,头部撰写数,,郭瑞泽,未登记,4,0,4
2024-03,头部撰写数,,郭瑞泽,未登记,10,0,10
2024-04,头部撰写数,,郭瑞泽,未登记,7,1,8
2023-10,头部撰写数,,阮丽,未登记,1,0,1
2024-05,头部撰写数,,阮丽,未登记,1,0,1
2026-07,头部撰写数,,马龙,未登记,18,0,18
2021-07,胸部撰写数,01,戴榕全,高级,1,0,1
2021-08,胸部撰写数,01,戴榕全,高级,0,1,1
2021-11,胸部撰写数,01,戴榕全,高级,4,0,4
2022-01,胸部撰写数,01,戴榕全,高级,1,2,3
2022-02,胸部撰写数,01,戴榕全,高级,1,1,2
2022-03,胸部撰写数,01,戴榕全,高级,0,1,1
2022-04,胸部撰写数,01,戴榕全,高级,0,1,1
2022-05,胸部撰写数,01,戴榕全,高级,1,1,2
2022-06,胸部撰写数,01,戴榕全,高级,3,1,4
2022-07,胸部撰写数,01,戴榕全,高级,1,3,4
2022-09,胸部撰写数,01,戴榕全,高级,1,0,1
2022-10,胸部撰写数,01,戴榕全,高级,0,1,1
2022-11,胸部撰写数,01,戴榕全,高级,1,1,2
2023-01,胸部撰写数,01,戴榕全,高级,1,0,1
2023-02,胸部撰写数,01,戴榕全,高级,2,0,2
2023-03,胸部撰写数,01,戴榕全,高级,1,0,1
2023-04,胸部撰写数,01,戴榕全,高级,0,2,2
2023-05,胸部撰写数,01,戴榕全,高级,1,0,1
2023-06,胸部撰写数,01,戴榕全,高级,0,6,6
2023-07,胸部撰写数,01,戴榕全,高级,0,2,2
2023-08,胸部撰写数,01,戴榕全,高级,0,1,1
2023-09,胸部撰写数,01,戴榕全,高级,2,6,8
2023-10,胸部撰写数,01,戴榕全,高级,2,6,8
2023-11,胸部撰写数,01,戴榕全,高级,3,14,17
2023-12,胸部撰写数,01,戴榕全,高级,2,11,13
2024-01,胸部撰写数,01,戴榕全,高级,5,17,22
2024-02,胸部撰写数,01,戴榕全,高级,0,9,9
2024-03,胸部撰写数,01,戴榕全,高级,2,4,6
2024-04,胸部撰写数,01,戴榕全,高级,5,27,32
2024-05,胸部撰写数,01,戴榕全,高级,3,7,10
2024-06,胸部撰写数,01,戴榕全,高级,0,12,12
2024-07,胸部撰写数,01,戴榕全,高级,2,11,13
2024-08,胸部撰写数,01,戴榕全,高级,0,3,3
2024-09,胸部撰写数,01,戴榕全,高级,5,14,19
2024-10,胸部撰写数,01,戴榕全,高级,5,11,16
2024-11,胸部撰写数,01,戴榕全,高级,3,11,14
2024-12,胸部撰写数,01,戴榕全,高级,1,14,15
2025-01,胸部撰写数,01,戴榕全,高级,4,16,20
2025-02,胸部撰写数,01,戴榕全,高级,2,7,9
2025-03,胸部撰写数,01,戴榕全,高级,0,11,11
2025-04,胸部撰写数,01,戴榕全,高级,1,10,11
2025-05,胸部撰写数,01,戴榕全,高级,3,23,26
2025-06,胸部撰写数,01,戴榕全,高级,6,17,23
2025-07,胸部撰写数,01,戴榕全,高级,1,12,13
2025-08,胸部撰写数,01,戴榕全,高级,6,15,21
2025-09,胸部撰写数,01,戴榕全,高级,7,27,34
2025-10,胸部撰写数,01,戴榕全,高级,3,10,13
2025-11,胸部撰写数,01,戴榕全,高级,3,31,34
2025-12,胸部撰写数,01,戴榕全,高级,3,17,20
2026-01,胸部撰写数,01,戴榕全,高级,2,19,21
2026-02,胸部撰写数,01,戴榕全,高级,2,16,18
2026-03,胸部撰写数,01,戴榕全,高级,6,20,26
2026-04,胸部撰写数,01,戴榕全,高级,1,17,18
2026-05,胸部撰写数,01,戴榕全,高级,0,18,18
2026-06,胸部撰写数,01,戴榕全,高级,2,46,48
2026-07,胸部撰写数,01,戴榕全,高级,5,28,33
2007-07,胸部撰写数,02,刘蕾,高级,1,0,1
2021-07,胸部撰写数,02,刘蕾,高级,0,2,2
2021-08,胸部撰写数,02,刘蕾,高级,0,1,1
2021-09,胸部撰写数,02,刘蕾,高级,1,0,1
2022-01,胸部撰写数,02,刘蕾,高级,1,0,1
2022-02,胸部撰写数,02,刘蕾,高级,0,2,2
2022-05,胸部撰写数,02,刘蕾,高级,0,3,3
2022-06,胸部撰写数,02,刘蕾,高级,1,1,2
2022-12,胸部撰写数,02,刘蕾,高级,0,1,1
2023-01,胸部撰写数,02,刘蕾,高级,0,1,1
2023-02,胸部撰写数,02,刘蕾,高级,0,1,1
2023-05,胸部撰写数,02,刘蕾,高级,0,1,1
2023-06,胸部撰写数,02,刘蕾,高级,1,2,3
2023-08,胸部撰写数,02,刘蕾,高级,0,1,1
2023-09,胸部撰写数,02,刘蕾,高级,0,1,1
2023-10,胸部撰写数,02,刘蕾,高级,1,6,7
2023-11,胸部撰写数,02,刘蕾,高级,1,7,8
2023-12,胸部撰写数,02,刘蕾,高级,2,8,10
2024-01,胸部撰写数,02,刘蕾,高级,1,4,5
2024-02,胸部撰写数,02,刘蕾,高级,1,0,1
2024-03,胸部撰写数,02,刘蕾,高级,2,5,7
2024-04,胸部撰写数,02,刘蕾,高级,0,1,1
2024-05,胸部撰写数,02,刘蕾,高级,0,3,3
2024-06,胸部撰写数,02,刘蕾,高级,0,11,11
2024-07,胸部撰写数,02,刘蕾,高级,3,14,17
2024-08,胸部撰写数,02,刘蕾,高级,1,7,8
2024-09,胸部撰写数,02,刘蕾,高级,4,13,17
2024-10,胸部撰写数,02,刘蕾,高级,1,8,9
2024-11,胸部撰写数,02,刘蕾,高级,2,12,14
2024-12,胸部撰写数,02,刘蕾,高级,3,1,4
2025-01,胸部撰写数,02,刘蕾,高级,0,4,4
2025-02,胸部撰写数,02,刘蕾,高级,1,9,10
2025-03,胸部撰写数,02,刘蕾,高级,4,9,13
2025-04,胸部撰写数,02,刘蕾,高级,4,19,23
2025-05,胸部撰写数,02,刘蕾,高级,1,20,21
2025-06,胸部撰写数,02,刘蕾,高级,5,20,25
2025-07,胸部撰写数,02,刘蕾,高级,2,12,14
2025-08,胸部撰写数,02,刘蕾,高级,6,13,19
2025-09,胸部撰写数,02,刘蕾,高级,4,13,17
2025-10,胸部撰写数,02,刘蕾,高级,7,19,26
2025-11,胸部撰写数,02,刘蕾,高级,2,10,12
2025-12,胸部撰写数,02,刘蕾,高级,5,15,20
2026-01,胸部撰写数,02,刘蕾,高级,0,12,12
2026-02,胸部撰写数,02,刘蕾,高级,1,5,6
2026-03,胸部撰写数,02,刘蕾,高级,2,3,5
2026-04,胸部撰写数,02,刘蕾,高级,1,5,6
2026-05,胸部撰写数,02,刘蕾,高级,0,19,19
2026-06,胸部撰写数,02,刘蕾,高级,1,17,18
2026-07,胸部撰写数,02,刘蕾,高级,1,21,22
2021-09,胸部撰写数,03,张博闻,高级,1,0,1
2021-11,胸部撰写数,03,张博闻,高级,1,2,3
2022-01,胸部撰写数,03,张博闻,高级,1,0,1
2022-03,胸部撰写数,03,张博闻,高级,2,1,3
2022-04,胸部撰写数,03,张博闻,高级,0,1,1
2022-06,胸部撰写数,03,张博闻,高级,0,3,3
2022-08,胸部撰写数,03,张博闻,高级,1,1,2
2022-11,胸部撰写数,03,张博闻,高级,0,1,1
2023-01,胸部撰写数,03,张博闻,高级,1,0,1
2023-04,胸部撰写数,03,张博闻,高级,1,2,3
2023-06,胸部撰写数,03,张博闻,高级,1,0,1
2023-07,胸部撰写数,03,张博闻,高级,1,1,2
2023-08,胸部撰写数,03,张博闻,高级,1,1,2
2023-09,胸部撰写数,03,张博闻,高级,1,1,2
2023-10,胸部撰写数,03,张博闻,高级,1,19,20
2023-11,胸部撰写数,03,张博闻,高级,4,9,13
2023-12,胸部撰写数,03,张博闻,高级,5,13,18
2024-01,胸部撰写数,03,张博闻,高级,3,8,11
2024-02,胸部撰写数,03,张博闻,高级,4,6,10
2024-03,胸部撰写数,03,张博闻,高级,12,19,31
2024-04,胸部撰写数,03,张博闻,高级,11,17,28
2024-05,胸部撰写数,03,张博闻,高级,9,12,21
2024-06,胸部撰写数,03,张博闻,高级,4,10,14
2024-07,胸部撰写数,03,张博闻,高级,2,8,10
2024-08,胸部撰写数,03,张博闻,高级,4,13,17
2024-09,胸部撰写数,03,张博闻,高级,3,9,12
2024-10,胸部撰写数,03,张博闻,高级,7,18,25
2024-11,胸部撰写数,03,张博闻,高级,6,14,20
2024-12,胸部撰写数,03,张博闻,高级,2,20,22
2025-01,胸部撰写数,03,张博闻,高级,0,7,7
2025-02,胸部撰写数,03,张博闻,高级,2,9,11
2025-03,胸部撰写数,03,张博闻,高级,1,13,14
2025-04,胸部撰写数,03,张博闻,高级,0,12,12
2025-05,胸部撰写数,03,张博闻,高级,1,15,16
2025-06,胸部撰写数,03,张博闻,高级,4,19,23
2025-07,胸部撰写数,03,张博闻,高级,1,14,15
2025-08,胸部撰写数,03,张博闻,高级,1,21,22
2025-09,胸部撰写数,03,张博闻,高级,1,10,11
2025-10,胸部撰写数,03,张博闻,高级,3,36,39
2025-11,胸部撰写数,03,张博闻,高级,4,14,18
2025-12,胸部撰写数,03,张博闻,高级,6,18,24
2026-01,胸部撰写数,03,张博闻,高级,3,20,23
2026-02,胸部撰写数,03,张博闻,高级,4,21,25
2026-03,胸部撰写数,03,张博闻,高级,0,6,6
2026-04,胸部撰写数,03,张博闻,高级,1,19,20
2026-05,胸部撰写数,03,张博闻,高级,2,16,18
2026-06,胸部撰写数,03,张博闻,高级,3,12,15
2026-07,胸部撰写数,03,张博闻,高级,2,17,19
2014-09,胸部撰写数,04,白璐,高级,0,1,1
2022-01,胸部撰写数,04,白璐,高级,0,1,1
2022-04,胸部撰写数,04,白璐,高级,0,2,2
2022-07,胸部撰写数,04,白璐,高级,0,2,2
2022-09,胸部撰写数,04,白璐,高级,0,1,1
2022-11,胸部撰写数,04,白璐,高级,1,1,2
2022-12,胸部撰写数,04,白璐,高级,1,0,1
2023-01,胸部撰写数,04,白璐,高级,0,1,1
2023-03,胸部撰写数,04,白璐,高级,0,1,1
2023-04,胸部撰写数,04,白璐,高级,1,0,1
2023-06,胸部撰写数,04,白璐,高级,1,3,4
2023-08,胸部撰写数,04,白璐,高级,0,1,1
2023-09,胸部撰写数,04,白璐,高级,0,2,2
2023-10,胸部撰写数,04,白璐,高级,2,5,7
2023-11,胸部撰写数,04,白璐,高级,4,10,14
2023-12,胸部撰写数,04,白璐,高级,2,11,13
2024-01,胸部撰写数,04,白璐,高级,0,5,5
2024-02,胸部撰写数,04,白璐,高级,1,3,4
2024-03,胸部撰写数,04,白璐,高级,1,8,9
2024-04,胸部撰写数,04,白璐,高级,6,11,17
2024-05,胸部撰写数,04,白璐,高级,9,15,24
2024-06,胸部撰写数,04,白璐,高级,8,16,24
2024-07,胸部撰写数,04,白璐,高级,9,8,17
2024-08,胸部撰写数,04,白璐,高级,5,13,18
2024-09,胸部撰写数,04,白璐,高级,6,21,27
2024-10,胸部撰写数,04,白璐,高级,5,13,18
2024-11,胸部撰写数,04,白璐,高级,4,15,19
2024-12,胸部撰写数,04,白璐,高级,1,17,18
2025-01,胸部撰写数,04,白璐,高级,0,7,7
2025-02,胸部撰写数,04,白璐,高级,2,24,26
2025-03,胸部撰写数,04,白璐,高级,6,14,20
2025-04,胸部撰写数,04,白璐,高级,5,15,20
2025-05,胸部撰写数,04,白璐,高级,6,19,25
2025-06,胸部撰写数,04,白璐,高级,6,10,16
2025-07,胸部撰写数,04,白璐,高级,9,26,35
2025-08,胸部撰写数,04,白璐,高级,3,21,24
2025-09,胸部撰写数,04,白璐,高级,5,22,27
2025-10,胸部撰写数,04,白璐,高级,8,17,25
2025-11,胸部撰写数,04,白璐,高级,4,34,38
2025-12,胸部撰写数,04,白璐,高级,3,22,25
2026-01,胸部撰写数,04,白璐,高级,3,24,27
2026-02,胸部撰写数,04,白璐,高级,1,6,7
2026-03,胸部撰写数,04,白璐,高级,1,10,11
2026-04,胸部撰写数,04,白璐,高级,1,18,19
2026-05,胸部撰写数,04,白璐,高级,2,31,33
2026-06,胸部撰写数,04,白璐,高级,4,25,29
2026-07,胸部撰写数,04,白璐,高级,5,19,24
2014-09,胸部撰写数,05,周媛媛,高级,1,0,1
2022-04,胸部撰写数,05,周媛媛,高级,1,0,1
2022-06,胸部撰写数,05,周媛媛,高级,2,0,2
2022-07,胸部撰写数,05,周媛媛,高级,0,1,1
2022-11,胸部撰写数,05,周媛媛,高级,2,2,4
2023-03,胸部撰写数,05,周媛媛,高级,2,1,3
2023-05,胸部撰写数,05,周媛媛,高级,1,3,4
2023-06,胸部撰写数,05,周媛媛,高级,1,0,1
2023-07,胸部撰写数,05,周媛媛,高级,0,1,1
2023-08,胸部撰写数,05,周媛媛,高级,0,2,2
2023-11,胸部撰写数,05,周媛媛,高级,0,2,2
2023-12,胸部撰写数,05,周媛媛,高级,5,4,9
2024-01,胸部撰写数,05,周媛媛,高级,9,9,18
2024-02,胸部撰写数,05,周媛媛,高级,0,3,3
2024-03,胸部撰写数,05,周媛媛,高级,13,22,35
2024-04,胸部撰写数,05,周媛媛,高级,4,19,23
2024-05,胸部撰写数,05,周媛媛,高级,4,12,16
2024-06,胸部撰写数,05,周媛媛,高级,2,16,18
2024-07,胸部撰写数,05,周媛媛,高级,3,18,21
2024-08,胸部撰写数,05,周媛媛,高级,8,12,20
2024-09,胸部撰写数,05,周媛媛,高级,3,10,13
2024-10,胸部撰写数,05,周媛媛,高级,8,12,20
2024-11,胸部撰写数,05,周媛媛,高级,5,15,20
2024-12,胸部撰写数,05,周媛媛,高级,5,14,19
2025-01,胸部撰写数,05,周媛媛,高级,1,5,6
2025-02,胸部撰写数,05,周媛媛,高级,1,8,9
2025-03,胸部撰写数,05,周媛媛,高级,1,9,10
2025-04,胸部撰写数,05,周媛媛,高级,1,20,21
2025-05,胸部撰写数,05,周媛媛,高级,2,15,17
2025-06,胸部撰写数,05,周媛媛,高级,1,14,15
2025-07,胸部撰写数,05,周媛媛,高级,2,9,11
2025-08,胸部撰写数,05,周媛媛,高级,2,13,15
2025-09,胸部撰写数,05,周媛媛,高级,1,17,18
2025-10,胸部撰写数,05,周媛媛,高级,1,15,16
2025-11,胸部撰写数,05,周媛媛,高级,8,32,40
2025-12,胸部撰写数,05,周媛媛,高级,1,20,21
2026-01,胸部撰写数,05,周媛媛,高级,3,27,30
2026-02,胸部撰写数,05,周媛媛,高级,3,15,18
2026-03,胸部撰写数,05,周媛媛,高级,2,30,32
2026-04,胸部撰写数,05,周媛媛,高级,1,13,14
2021-10,胸部撰写数,06,曲艺,高级,1,1,2
2022-03,胸部撰写数,06,曲艺,高级,0,1,1
2022-05,胸部撰写数,06,曲艺,高级,4,0,4
2023-03,胸部撰写数,06,曲艺,高级,0,3,3
2023-05,胸部撰写数,06,曲艺,高级,0,1,1
2023-06,胸部撰写数,06,曲艺,高级,1,0,1
2023-07,胸部撰写数,06,曲艺,高级,1,0,1
2023-10,胸部撰写数,06,曲艺,高级,0,2,2
2023-11,胸部撰写数,06,曲艺,高级,4,5,9
2023-12,胸部撰写数,06,曲艺,高级,0,2,2
2024-01,胸部撰写数,06,曲艺,高级,1,3,4
2024-02,胸部撰写数,06,曲艺,高级,1,4,5
2024-03,胸部撰写数,06,曲艺,高级,0,1,1
2024-04,胸部撰写数,06,曲艺,高级,5,9,14
2024-05,胸部撰写数,06,曲艺,高级,2,11,13
2024-06,胸部撰写数,06,曲艺,高级,2,7,9
2024-07,胸部撰写数,06,曲艺,高级,5,5,10
2024-08,胸部撰写数,06,曲艺,高级,3,8,11
2024-09,胸部撰写数,06,曲艺,高级,3,16,19
2024-10,胸部撰写数,06,曲艺,高级,1,7,8
2024-11,胸部撰写数,06,曲艺,高级,4,15,19
2024-12,胸部撰写数,06,曲艺,高级,3,11,14
2025-01,胸部撰写数,06,曲艺,高级,2,4,6
2025-02,胸部撰写数,06,曲艺,高级,0,7,7
2025-03,胸部撰写数,06,曲艺,高级,1,11,12
2025-04,胸部撰写数,06,曲艺,高级,1,7,8
2025-05,胸部撰写数,06,曲艺,高级,1,10,11
2025-06,胸部撰写数,06,曲艺,高级,2,20,22
2025-07,胸部撰写数,06,曲艺,高级,2,6,8
2025-08,胸部撰写数,06,曲艺,高级,5,17,22
2025-09,胸部撰写数,06,曲艺,高级,2,16,18
2025-10,胸部撰写数,06,曲艺,高级,8,18,26
2025-11,胸部撰写数,06,曲艺,高级,10,17,27
2025-12,胸部撰写数,06,曲艺,高级,8,16,24
2026-01,胸部撰写数,06,曲艺,高级,8,17,25
2026-02,胸部撰写数,06,曲艺,高级,6,9,15
2026-03,胸部撰写数,06,曲艺,高级,10,32,42
2026-04,胸部撰写数,06,曲艺,高级,2,23,25
2026-05,胸部撰写数,06,曲艺,高级,9,26,35
2026-06,胸部撰写数,06,曲艺,高级,3,27,30
2026-07,胸部撰写数,06,曲艺,高级,5,34,39
2022-04,胸部撰写数,07,苏畅,高级,1,0,1
2022-06,胸部撰写数,07,苏畅,高级,1,0,1
2022-08,胸部撰写数,07,苏畅,高级,2,1,3
2022-10,胸部撰写数,07,苏畅,高级,1,0,1
2022-11,胸部撰写数,07,苏畅,高级,0,2,2
2023-01,胸部撰写数,07,苏畅,高级,1,0,1
2023-02,胸部撰写数,07,苏畅,高级,0,2,2
2023-04,胸部撰写数,07,苏畅,高级,0,2,2
2023-05,胸部撰写数,07,苏畅,高级,3,2,5
2023-06,胸部撰写数,07,苏畅,高级,0,1,1
2023-07,胸部撰写数,07,苏畅,高级,1,2,3
2023-09,胸部撰写数,07,苏畅,高级,1,0,1
2023-10,胸部撰写数,07,苏畅,高级,1,6,7
2023-11,胸部撰写数,07,苏畅,高级,9,14,23
2023-12,胸部撰写数,07,苏畅,高级,5,9,14
2024-01,胸部撰写数,07,苏畅,高级,5,13,18
2024-02,胸部撰写数,07,苏畅,高级,1,8,9
2024-03,胸部撰写数,07,苏畅,高级,6,19,25
2024-04,胸部撰写数,07,苏畅,高级,14,17,31
2024-05,胸部撰写数,07,苏畅,高级,6,23,29
2024-06,胸部撰写数,07,苏畅,高级,10,16,26
2024-07,胸部撰写数,07,苏畅,高级,4,14,18
2024-08,胸部撰写数,07,苏畅,高级,3,14,17
2024-09,胸部撰写数,07,苏畅,高级,8,8,16
2024-10,胸部撰写数,07,苏畅,高级,13,13,26
2024-11,胸部撰写数,07,苏畅,高级,4,18,22
2024-12,胸部撰写数,07,苏畅,高级,2,19,21
2025-01,胸部撰写数,07,苏畅,高级,8,14,22
2025-02,胸部撰写数,07,苏畅,高级,3,15,18
2025-03,胸部撰写数,07,苏畅,高级,9,28,37
2025-04,胸部撰写数,07,苏畅,高级,9,17,26
2025-05,胸部撰写数,07,苏畅,高级,10,30,40
2025-06,胸部撰写数,07,苏畅,高级,4,18,22
2025-07,胸部撰写数,07,苏畅,高级,5,28,33
2025-08,胸部撰写数,07,苏畅,高级,2,26,28
2025-09,胸部撰写数,07,苏畅,高级,9,28,37
2025-10,胸部撰写数,07,苏畅,高级,12,35,47
2025-11,胸部撰写数,07,苏畅,高级,13,36,49
2025-12,胸部撰写数,07,苏畅,高级,3,28,31
2026-01,胸部撰写数,07,苏畅,高级,13,43,56
2026-02,胸部撰写数,07,苏畅,高级,2,15,17
2026-03,胸部撰写数,07,苏畅,高级,2,22,24
2026-04,胸部撰写数,07,苏畅,高级,3,30,33
2026-05,胸部撰写数,07,苏畅,高级,9,29,38
2026-06,胸部撰写数,07,苏畅,高级,6,32,38
2026-07,胸部撰写数,07,苏畅,高级,4,25,29
2022-04,胸部撰写数,08,张志轩,高级,1,0,1
2022-05,胸部撰写数,08,张志轩,高级,1,0,1
2022-06,胸部撰写数,08,张志轩,高级,2,0,2
2022-07,胸部撰写数,08,张志轩,高级,2,0,2
2022-09,胸部撰写数,08,张志轩,高级,1,0,1
2022-12,胸部撰写数,08,张志轩,高级,1,0,1
2023-02,胸部撰写数,08,张志轩,高级,0,2,2
2023-03,胸部撰写数,08,张志轩,高级,2,0,2
2023-04,胸部撰写数,08,张志轩,高级,0,1,1
2023-06,胸部撰写数,08,张志轩,高级,2,0,2
2023-09,胸部撰写数,08,张志轩,高级,0,1,1
2023-10,胸部撰写数,08,张志轩,高级,2,2,4
2023-11,胸部撰写数,08,张志轩,高级,4,5,9
2023-12,胸部撰写数,08,张志轩,高级,5,11,16
2024-01,胸部撰写数,08,张志轩,高级,8,11,19
2024-02,胸部撰写数,08,张志轩,高级,2,4,6
2024-03,胸部撰写数,08,张志轩,高级,9,6,15
2024-04,胸部撰写数,08,张志轩,高级,11,8,19
2024-05,胸部撰写数,08,张志轩,高级,5,4,9
2024-06,胸部撰写数,08,张志轩,高级,6,11,17
2024-07,胸部撰写数,08,张志轩,高级,3,12,15
2024-08,胸部撰写数,08,张志轩,高级,6,9,15
2024-09,胸部撰写数,08,张志轩,高级,12,2,14
2024-10,胸部撰写数,08,张志轩,高级,2,10,12
2024-11,胸部撰写数,08,张志轩,高级,9,5,14
2024-12,胸部撰写数,08,张志轩,高级,0,7,7
2025-01,胸部撰写数,08,张志轩,高级,4,14,18
2025-02,胸部撰写数,08,张志轩,高级,0,4,4
2025-03,胸部撰写数,08,张志轩,高级,4,14,18
2025-04,胸部撰写数,08,张志轩,高级,0,7,7
2025-05,胸部撰写数,08,张志轩,高级,4,6,10
2025-06,胸部撰写数,08,张志轩,高级,1,7,8
2025-07,胸部撰写数,08,张志轩,高级,1,6,7
2025-08,胸部撰写数,08,张志轩,高级,2,12,14
2025-09,胸部撰写数,08,张志轩,高级,0,13,13
2025-10,胸部撰写数,08,张志轩,高级,3,19,22
2025-11,胸部撰写数,08,张志轩,高级,3,16,19
2025-12,胸部撰写数,08,张志轩,高级,15,28,43
2026-01,胸部撰写数,08,张志轩,高级,2,16,18
2026-02,胸部撰写数,08,张志轩,高级,0,8,8
2026-03,胸部撰写数,08,张志轩,高级,4,10,14
2026-04,胸部撰写数,08,张志轩,高级,5,23,28
2026-05,胸部撰写数,08,张志轩,高级,4,18,22
2026-06,胸部撰写数,08,张志轩,高级,6,20,26
2026-07,胸部撰写数,08,张志轩,高级,4,25,29
2007-07,胸部撰写数,09,邝怡,高级,0,1,1
2022-06,胸部撰写数,09,邝怡,高级,2,0,2
2022-10,胸部撰写数,09,邝怡,高级,1,0,1
2022-12,胸部撰写数,09,邝怡,高级,1,0,1
2023-02,胸部撰写数,09,邝怡,高级,1,0,1
2023-03,胸部撰写数,09,邝怡,高级,1,0,1
2023-04,胸部撰写数,09,邝怡,高级,2,0,2
2023-05,胸部撰写数,09,邝怡,高级,1,0,1
2023-06,胸部撰写数,09,邝怡,高级,2,1,3
2023-07,胸部撰写数,09,邝怡,高级,0,1,1
2023-09,胸部撰写数,09,邝怡,高级,1,1,2
2023-10,胸部撰写数,09,邝怡,高级,5,6,11
2023-11,胸部撰写数,09,邝怡,高级,5,2,7
2023-12,胸部撰写数,09,邝怡,高级,8,4,12
2024-01,胸部撰写数,09,邝怡,高级,2,2,4
2024-02,胸部撰写数,09,邝怡,高级,2,5,7
2024-03,胸部撰写数,09,邝怡,高级,5,2,7
2024-04,胸部撰写数,09,邝怡,高级,4,4,8
2024-05,胸部撰写数,09,邝怡,高级,4,2,6
2024-06,胸部撰写数,09,邝怡,高级,4,3,7
2024-07,胸部撰写数,09,邝怡,高级,1,4,5
2024-08,胸部撰写数,09,邝怡,高级,0,6,6
2024-09,胸部撰写数,09,邝怡,高级,2,5,7
2024-10,胸部撰写数,09,邝怡,高级,0,8,8
2024-11,胸部撰写数,09,邝怡,高级,5,8,13
2024-12,胸部撰写数,09,邝怡,高级,1,3,4
2025-01,胸部撰写数,09,邝怡,高级,1,12,13
2025-02,胸部撰写数,09,邝怡,高级,8,20,28
2025-03,胸部撰写数,09,邝怡,高级,3,12,15
2025-04,胸部撰写数,09,邝怡,高级,2,9,11
2025-05,胸部撰写数,09,邝怡,高级,5,12,17
2025-06,胸部撰写数,09,邝怡,高级,1,26,27
2025-07,胸部撰写数,09,邝怡,高级,4,9,13
2025-08,胸部撰写数,09,邝怡,高级,2,4,6
2025-09,胸部撰写数,09,邝怡,高级,0,11,11
2025-10,胸部撰写数,09,邝怡,高级,1,11,12
2025-11,胸部撰写数,09,邝怡,高级,1,18,19
2025-12,胸部撰写数,09,邝怡,高级,1,5,6
2026-01,胸部撰写数,09,邝怡,高级,10,7,17
2026-02,胸部撰写数,09,邝怡,高级,2,8,10
2026-03,胸部撰写数,09,邝怡,高级,3,11,14
2026-04,胸部撰写数,09,邝怡,高级,1,11,12
2026-05,胸部撰写数,09,邝怡,高级,1,9,10
2026-06,胸部撰写数,09,邝怡,高级,0,1,1
2026-07,胸部撰写数,09,邝怡,高级,4,8,12
2022-11,胸部撰写数,10,吴璇,高级,2,0,2
2023-02,胸部撰写数,10,吴璇,高级,1,0,1
2023-04,胸部撰写数,10,吴璇,高级,3,0,3
2023-05,胸部撰写数,10,吴璇,高级,1,0,1
2023-06,胸部撰写数,10,吴璇,高级,3,0,3
2023-07,胸部撰写数,10,吴璇,高级,2,0,2
2023-08,胸部撰写数,10,吴璇,高级,1,0,1
2023-09,胸部撰写数,10,吴璇,高级,4,0,4
2023-10,胸部撰写数,10,吴璇,高级,7,0,7
2023-11,胸部撰写数,10,吴璇,高级,7,0,7
2023-12,胸部撰写数,10,吴璇,高级,5,2,7
2024-01,胸部撰写数,10,吴璇,高级,2,0,2
2024-02,胸部撰写数,10,吴璇,高级,1,0,1
2024-03,胸部撰写数,10,吴璇,高级,6,0,6
2024-04,胸部撰写数,10,吴璇,高级,10,3,13
2024-05,胸部撰写数,10,吴璇,高级,10,1,11
2024-06,胸部撰写数,10,吴璇,高级,6,12,18
2024-07,胸部撰写数,10,吴璇,高级,3,4,7
2024-08,胸部撰写数,10,吴璇,高级,6,5,11
2024-09,胸部撰写数,10,吴璇,高级,3,9,12
2024-10,胸部撰写数,10,吴璇,高级,5,13,18
2024-11,胸部撰写数,10,吴璇,高级,11,12,23
2024-12,胸部撰写数,10,吴璇,高级,3,12,15
2025-01,胸部撰写数,10,吴璇,高级,2,8,10
2025-02,胸部撰写数,10,吴璇,高级,9,6,15
2025-03,胸部撰写数,10,吴璇,高级,5,1,6
2025-04,胸部撰写数,10,吴璇,高级,1,12,13
2025-05,胸部撰写数,10,吴璇,高级,7,12,19
2025-06,胸部撰写数,10,吴璇,高级,3,11,14
2025-07,胸部撰写数,10,吴璇,高级,11,15,26
2025-08,胸部撰写数,10,吴璇,高级,0,9,9
2025-09,胸部撰写数,10,吴璇,高级,0,11,11
2025-10,胸部撰写数,10,吴璇,高级,6,19,25
2025-11,胸部撰写数,10,吴璇,高级,11,18,29
2025-12,胸部撰写数,10,吴璇,高级,13,17,30
2026-01,胸部撰写数,10,吴璇,高级,2,18,20
2026-02,胸部撰写数,10,吴璇,高级,2,15,17
2026-03,胸部撰写数,10,吴璇,高级,5,19,24
2026-04,胸部撰写数,10,吴璇,高级,4,12,16
2026-05,胸部撰写数,10,吴璇,高级,4,12,16
2026-06,胸部撰写数,10,吴璇,高级,3,16,19
2026-07,胸部撰写数,10,吴璇,高级,9,17,26
2023-10,胸部撰写数,11,张秋梅,中级,6,0,6
2023-11,胸部撰写数,11,张秋梅,中级,2,0,2
2023-12,胸部撰写数,11,张秋梅,中级,4,0,4
2024-01,胸部撰写数,11,张秋梅,中级,1,0,1
2024-02,胸部撰写数,11,张秋梅,中级,4,0,4
2024-03,胸部撰写数,11,张秋梅,中级,4,0,4
2024-04,胸部撰写数,11,张秋梅,中级,4,0,4
2024-05,胸部撰写数,11,张秋梅,中级,5,0,5
2024-06,胸部撰写数,11,张秋梅,中级,12,0,12
2024-07,胸部撰写数,11,张秋梅,中级,10,0,10
2024-08,胸部撰写数,11,张秋梅,中级,9,0,9
2024-09,胸部撰写数,11,张秋梅,中级,10,0,10
2024-10,胸部撰写数,11,张秋梅,中级,6,0,6
2024-11,胸部撰写数,11,张秋梅,中级,10,0,10
2024-12,胸部撰写数,11,张秋梅,中级,9,0,9
2025-01,胸部撰写数,11,张秋梅,中级,10,0,10
2025-02,胸部撰写数,11,张秋梅,中级,11,0,11
2025-03,胸部撰写数,11,张秋梅,中级,8,0,8
2025-04,胸部撰写数,11,张秋梅,中级,20,0,20
2025-05,胸部撰写数,11,张秋梅,中级,14,0,14
2025-06,胸部撰写数,11,张秋梅,中级,19,0,19
2025-07,胸部撰写数,11,张秋梅,中级,13,0,13
2025-08,胸部撰写数,11,张秋梅,中级,21,0,21
2025-09,胸部撰写数,11,张秋梅,中级,21,0,21
2025-10,胸部撰写数,11,张秋梅,中级,20,0,20
2025-11,胸部撰写数,11,张秋梅,中级,26,0,26
2025-12,胸部撰写数,11,张秋梅,中级,13,0,13
2026-01,胸部撰写数,11,张秋梅,中级,21,0,21
2026-02,胸部撰写数,11,张秋梅,中级,4,0,4
2026-03,胸部撰写数,11,张秋梅,中级,19,0,19
2026-04,胸部撰写数,11,张秋梅,中级,18,1,19
2026-05,胸部撰写数,11,张秋梅,中级,11,1,12
2026-06,胸部撰写数,11,张秋梅,中级,8,0,8
2026-07,胸部撰写数,11,张秋梅,中级,12,0,12
2023-10,胸部撰写数,12,刘慜思,中级,2,0,2
2023-11,胸部撰写数,12,刘慜思,中级,4,0,4
2023-12,胸部撰写数,12,刘慜思,中级,5,0,5
2024-01,胸部撰写数,12,刘慜思,中级,3,0,3
2024-02,胸部撰写数,12,刘慜思,中级,6,0,6
2024-03,胸部撰写数,12,刘慜思,中级,2,0,2
2024-04,胸部撰写数,12,刘慜思,中级,4,0,4
2024-05,胸部撰写数,12,刘慜思,中级,6,0,6
2024-06,胸部撰写数,12,刘慜思,中级,7,0,7
2024-07,胸部撰写数,12,刘慜思,中级,12,0,12
2024-08,胸部撰写数,12,刘慜思,中级,8,0,8
2024-09,胸部撰写数,12,刘慜思,中级,3,0,3
2024-10,胸部撰写数,12,刘慜思,中级,6,0,6
2024-11,胸部撰写数,12,刘慜思,中级,6,0,6
2024-12,胸部撰写数,12,刘慜思,中级,5,0,5
2025-01,胸部撰写数,12,刘慜思,中级,11,0,11
2025-02,胸部撰写数,12,刘慜思,中级,12,0,12
2025-03,胸部撰写数,12,刘慜思,中级,14,0,14
2025-04,胸部撰写数,12,刘慜思,中级,5,0,5
2025-05,胸部撰写数,12,刘慜思,中级,20,0,20
2025-06,胸部撰写数,12,刘慜思,中级,12,0,12
2025-07,胸部撰写数,12,刘慜思,中级,1,0,1
2025-08,胸部撰写数,12,刘慜思,中级,11,0,11
2025-09,胸部撰写数,12,刘慜思,中级,8,0,8
2025-10,胸部撰写数,12,刘慜思,中级,20,0,20
2025-11,胸部撰写数,12,刘慜思,中级,21,0,21
2025-12,胸部撰写数,12,刘慜思,中级,10,0,10
2026-01,胸部撰写数,12,刘慜思,中级,17,0,17
2026-02,胸部撰写数,12,刘慜思,中级,9,0,9
2026-03,胸部撰写数,12,刘慜思,中级,10,0,10
2026-04,胸部撰写数,12,刘慜思,中级,24,0,24
2026-05,胸部撰写数,12,刘慜思,中级,22,0,22
2026-06,胸部撰写数,12,刘慜思,中级,16,0,16
2026-07,胸部撰写数,12,刘慜思,中级,11,0,11
2023-05,胸部撰写数,13,康博,其它,1,0,1
2023-06,胸部撰写数,13,康博,其它,2,0,2
2023-07,胸部撰写数,13,康博,其它,1,0,1
2023-08,胸部撰写数,13,康博,其它,1,0,1
2023-09,胸部撰写数,13,康博,其它,1,1,2
2023-10,胸部撰写数,13,康博,其它,21,0,21
2023-11,胸部撰写数,13,康博,其它,8,0,8
2023-12,胸部撰写数,13,康博,其它,8,0,8
2024-01,胸部撰写数,13,康博,其它,15,0,15
2024-02,胸部撰写数,13,康博,其它,5,0,5
2024-03,胸部撰写数,13,康博,其它,10,0,10
2024-04,胸部撰写数,13,康博,其它,19,0,19
2024-05,胸部撰写数,13,康博,其它,13,0,13
2024-06,胸部撰写数,13,康博,其它,29,0,29
2024-07,胸部撰写数,13,康博,其它,15,0,15
2024-08,胸部撰写数,13,康博,其它,11,0,11
2024-09,胸部撰写数,13,康博,其它,27,0,27
2024-10,胸部撰写数,13,康博,其它,17,1,18
2024-11,胸部撰写数,13,康博,其它,15,0,15
2024-12,胸部撰写数,13,康博,其它,27,0,27
2025-01,胸部撰写数,13,康博,其它,2,0,2
2025-02,胸部撰写数,13,康博,其它,12,1,13
2025-03,胸部撰写数,13,康博,其它,17,0,17
2025-04,胸部撰写数,13,康博,其它,18,0,18
2025-05,胸部撰写数,13,康博,其它,20,0,20
2025-06,胸部撰写数,13,康博,其它,14,0,14
2025-07,胸部撰写数,13,康博,其它,9,0,9
2025-08,胸部撰写数,13,康博,其它,12,0,12
2025-09,胸部撰写数,13,康博,其它,7,0,7
2025-10,胸部撰写数,13,康博,其它,7,0,7
2025-11,胸部撰写数,13,康博,其它,10,0,10
2025-12,胸部撰写数,13,康博,其它,11,0,11
2026-01,胸部撰写数,13,康博,其它,4,0,4
2026-02,胸部撰写数,13,康博,其它,15,0,15
2026-03,胸部撰写数,13,康博,其它,13,0,13
2026-04,胸部撰写数,13,康博,其它,8,0,8
2026-05,胸部撰写数,13,康博,其它,6,1,7
2026-06,胸部撰写数,13,康博,其它,7,0,7
2026-07,胸部撰写数,13,康博,其它,28,0,28
2023-10,胸部撰写数,14,简乐诗,中级,2,0,2
2023-11,胸部撰写数,14,简乐诗,中级,2,0,2
2023-12,胸部撰写数,14,简乐诗,中级,3,0,3
2024-01,胸部撰写数,14,简乐诗,中级,4,0,4
2024-02,胸部撰写数,14,简乐诗,中级,4,0,4
2024-03,胸部撰写数,14,简乐诗,中级,3,0,3
2024-04,胸部撰写数,14,简乐诗,中级,6,0,6
2024-05,胸部撰写数,14,简乐诗,中级,7,0,7
2024-06,胸部撰写数,14,简乐诗,中级,14,0,14
2024-07,胸部撰写数,14,简乐诗,中级,3,0,3
2024-08,胸部撰写数,14,简乐诗,中级,7,0,7
2024-09,胸部撰写数,14,简乐诗,中级,5,0,5
2024-10,胸部撰写数,14,简乐诗,中级,8,0,8
2024-11,胸部撰写数,14,简乐诗,中级,8,0,8
2024-12,胸部撰写数,14,简乐诗,中级,11,0,11
2025-01,胸部撰写数,14,简乐诗,中级,16,0,16
2025-02,胸部撰写数,14,简乐诗,中级,11,0,11
2025-03,胸部撰写数,14,简乐诗,中级,11,0,11
2025-04,胸部撰写数,14,简乐诗,中级,12,0,12
2025-05,胸部撰写数,14,简乐诗,中级,11,0,11
2025-06,胸部撰写数,14,简乐诗,中级,16,0,16
2025-07,胸部撰写数,14,简乐诗,中级,13,0,13
2025-08,胸部撰写数,14,简乐诗,中级,9,0,9
2025-09,胸部撰写数,14,简乐诗,中级,20,0,20
2025-10,胸部撰写数,14,简乐诗,中级,18,0,18
2025-11,胸部撰写数,14,简乐诗,中级,15,0,15
2025-12,胸部撰写数,14,简乐诗,中级,14,0,14
2026-01,胸部撰写数,14,简乐诗,中级,20,6,26
2026-02,胸部撰写数,14,简乐诗,中级,7,0,7
2026-03,胸部撰写数,14,简乐诗,中级,23,9,32
2026-04,胸部撰写数,14,简乐诗,中级,21,19,40
2026-05,胸部撰写数,14,简乐诗,中级,20,7,27
2026-06,胸部撰写数,14,简乐诗,中级,12,12,24
2026-07,胸部撰写数,14,简乐诗,中级,11,7,18
2023-10,胸部撰写数,15,陈可欣,中级,6,0,6
2023-11,胸部撰写数,15,陈可欣,中级,5,0,5
2023-12,胸部撰写数,15,陈可欣,中级,2,0,2
2024-01,胸部撰写数,15,陈可欣,中级,5,0,5
2024-02,胸部撰写数,15,陈可欣,中级,7,0,7
2024-03,胸部撰写数,15,陈可欣,中级,8,0,8
2024-04,胸部撰写数,15,陈可欣,中级,10,0,10
2024-05,胸部撰写数,15,陈可欣,中级,9,0,9
2024-06,胸部撰写数,15,陈可欣,中级,20,0,20
2024-07,胸部撰写数,15,陈可欣,中级,16,0,16
2024-08,胸部撰写数,15,陈可欣,中级,6,0,6
2024-09,胸部撰写数,15,陈可欣,中级,4,0,4
2024-10,胸部撰写数,15,陈可欣,中级,11,0,11
2024-11,胸部撰写数,15,陈可欣,中级,18,0,18
2024-12,胸部撰写数,15,陈可欣,中级,14,0,14
2025-01,胸部撰写数,15,陈可欣,中级,8,0,8
2025-02,胸部撰写数,15,陈可欣,中级,14,0,14
2025-03,胸部撰写数,15,陈可欣,中级,9,0,9
2025-04,胸部撰写数,15,陈可欣,中级,10,0,10
2025-05,胸部撰写数,15,陈可欣,中级,14,1,15
2025-06,胸部撰写数,15,陈可欣,中级,14,0,14
2025-07,胸部撰写数,15,陈可欣,中级,21,0,21
2025-08,胸部撰写数,15,陈可欣,中级,20,0,20
2025-09,胸部撰写数,15,陈可欣,中级,29,1,30
2025-10,胸部撰写数,15,陈可欣,中级,15,3,18
2025-11,胸部撰写数,15,陈可欣,中级,20,3,23
2025-12,胸部撰写数,15,陈可欣,中级,20,3,23
2026-01,胸部撰写数,15,陈可欣,中级,13,4,17
2026-02,胸部撰写数,15,陈可欣,中级,11,4,15
2026-03,胸部撰写数,15,陈可欣,中级,6,20,26
2026-04,胸部撰写数,15,陈可欣,中级,17,16,33
2026-05,胸部撰写数,15,陈可欣,中级,15,15,30
2026-06,胸部撰写数,15,陈可欣,中级,14,19,33
2026-07,胸部撰写数,15,陈可欣,中级,8,32,40
2024-07,胸部撰写数,16,曲莹莹,中级,3,0,3
2024-08,胸部撰写数,16,曲莹莹,中级,6,0,6
2024-09,胸部撰写数,16,曲莹莹,中级,14,0,14
2024-10,胸部撰写数,16,曲莹莹,中级,9,0,9
2024-11,胸部撰写数,16,曲莹莹,中级,9,0,9
2024-12,胸部撰写数,16,曲莹莹,中级,13,0,13
2025-01,胸部撰写数,16,曲莹莹,中级,7,0,7
2025-02,胸部撰写数,16,曲莹莹,中级,7,0,7
2025-03,胸部撰写数,16,曲莹莹,中级,8,0,8
2025-04,胸部撰写数,16,曲莹莹,中级,9,0,9
2025-05,胸部撰写数,16,曲莹莹,中级,8,0,8
2025-06,胸部撰写数,16,曲莹莹,中级,20,0,20
2025-07,胸部撰写数,16,曲莹莹,中级,20,0,20
2025-08,胸部撰写数,16,曲莹莹,中级,14,0,14
2025-09,胸部撰写数,16,曲莹莹,中级,21,0,21
2025-10,胸部撰写数,16,曲莹莹,中级,26,0,26
2025-11,胸部撰写数,16,曲莹莹,中级,24,0,24
2025-12,胸部撰写数,16,曲莹莹,中级,13,0,13
2026-01,胸部撰写数,16,曲莹莹,中级,13,0,13
2026-02,胸部撰写数,16,曲莹莹,中级,4,0,4
2026-03,胸部撰写数,16,曲莹莹,中级,13,0,13
2026-04,胸部撰写数,16,曲莹莹,中级,10,0,10
2026-05,胸部撰写数,16,曲莹莹,中级,19,0,19
2026-06,胸部撰写数,16,曲莹莹,中级,13,0,13
2026-07,胸部撰写数,16,曲莹莹,中级,7,0,7
2024-06,胸部撰写数,17,陶琼瑶,中级,2,0,2
2024-07,胸部撰写数,17,陶琼瑶,中级,2,0,2
2024-08,胸部撰写数,17,陶琼瑶,中级,11,0,11
2024-09,胸部撰写数,17,陶琼瑶,中级,11,0,11
2024-10,胸部撰写数,17,陶琼瑶,中级,12,0,12
2024-11,胸部撰写数,17,陶琼瑶,中级,6,0,6
2024-12,胸部撰写数,17,陶琼瑶,中级,15,0,15
2025-01,胸部撰写数,17,陶琼瑶,中级,8,0,8
2025-02,胸部撰写数,17,陶琼瑶,中级,6,0,6
2025-03,胸部撰写数,17,陶琼瑶,中级,9,0,9
2025-04,胸部撰写数,17,陶琼瑶,中级,12,0,12
2025-05,胸部撰写数,17,陶琼瑶,中级,11,0,11
2025-06,胸部撰写数,17,陶琼瑶,中级,11,0,11
2025-07,胸部撰写数,17,陶琼瑶,中级,6,0,6
2025-08,胸部撰写数,17,陶琼瑶,中级,14,0,14
2025-09,胸部撰写数,17,陶琼瑶,中级,22,1,23
2025-10,胸部撰写数,17,陶琼瑶,中级,24,0,24
2025-11,胸部撰写数,17,陶琼瑶,中级,19,0,19
2025-12,胸部撰写数,17,陶琼瑶,中级,9,0,9
2026-01,胸部撰写数,17,陶琼瑶,中级,22,0,22
2026-02,胸部撰写数,17,陶琼瑶,中级,9,0,9
2026-03,胸部撰写数,17,陶琼瑶,中级,16,0,16
2026-04,胸部撰写数,17,陶琼瑶,中级,31,0,31
2026-05,胸部撰写数,17,陶琼瑶,中级,12,0,12
2026-06,胸部撰写数,17,陶琼瑶,中级,12,0,12
2025-11,胸部撰写数,18,马萌,初级,1,0,1
2025-12,胸部撰写数,18,马萌,初级,3,0,3
2026-01,胸部撰写数,18,马萌,初级,9,0,9
2026-02,胸部撰写数,18,马萌,初级,4,0,4
2026-03,胸部撰写数,18,马萌,初级,6,0,6
2026-04,胸部撰写数,18,马萌,初级,3,0,3
2026-05,胸部撰写数,18,马萌,初级,8,0,8
2026-06,胸部撰写数,18,马萌,初级,17,0,17
2026-07,胸部撰写数,18,马萌,初级,10,1,11
2024-10,胸部撰写数,20,李铭婕,中级,2,0,2
2024-11,胸部撰写数,20,李铭婕,中级,8,0,8
2024-12,胸部撰写数,20,李铭婕,中级,3,0,3
2025-01,胸部撰写数,20,李铭婕,中级,7,0,7
2025-02,胸部撰写数,20,李铭婕,中级,9,0,9
2025-03,胸部撰写数,20,李铭婕,中级,12,0,12
2025-04,胸部撰写数,20,李铭婕,中级,20,2,22
2025-05,胸部撰写数,20,李铭婕,中级,25,0,25
2025-06,胸部撰写数,20,李铭婕,中级,23,0,23
2025-07,胸部撰写数,20,李铭婕,中级,16,0,16
2025-08,胸部撰写数,20,李铭婕,中级,21,0,21
2025-09,胸部撰写数,20,李铭婕,中级,13,0,13
2025-10,胸部撰写数,20,李铭婕,中级,20,0,20
2025-11,胸部撰写数,20,李铭婕,中级,34,0,34
2025-12,胸部撰写数,20,李铭婕,中级,32,0,32
2026-01,胸部撰写数,20,李铭婕,中级,20,0,20
2026-02,胸部撰写数,20,李铭婕,中级,17,1,18
2026-03,胸部撰写数,20,李铭婕,中级,24,1,25
2026-04,胸部撰写数,20,李铭婕,中级,19,0,19
2026-05,胸部撰写数,20,李铭婕,中级,24,0,24
2026-06,胸部撰写数,20,李铭婕,中级,23,0,23
2026-07,胸部撰写数,20,李铭婕,中级,20,0,20
2025-12,胸部撰写数,21,王兆雪,初级,1,0,1
2026-01,胸部撰写数,21,王兆雪,初级,8,0,8
2026-02,胸部撰写数,21,王兆雪,初级,3,0,3
2026-03,胸部撰写数,21,王兆雪,初级,10,0,10
2026-04,胸部撰写数,21,王兆雪,初级,1,0,1
2026-05,胸部撰写数,21,王兆雪,初级,2,0,2
2026-06,胸部撰写数,21,王兆雪,初级,11,0,11
2026-07,胸部撰写数,21,王兆雪,初级,4,0,4
2025-12,胸部撰写数,22,冯军利,初级,3,0,3
2026-01,胸部撰写数,22,冯军利,初级,8,0,8
2026-02,胸部撰写数,22,冯军利,初级,9,0,9
2026-03,胸部撰写数,22,冯军利,初级,8,0,8
2026-04,胸部撰写数,22,冯军利,初级,5,0,5
2026-05,胸部撰写数,22,冯军利,初级,7,0,7
2026-06,胸部撰写数,22,冯军利,初级,6,0,6
2026-07,胸部撰写数,22,冯军利,初级,6,0,6
2025-12,胸部撰写数,23,张若邈,初级,1,0,1
2026-01,胸部撰写数,23,张若邈,初级,4,0,4
2026-02,胸部撰写数,23,张若邈,初级,7,0,7
2026-04,胸部撰写数,23,张若邈,初级,8,0,8
2026-05,胸部撰写数,23,张若邈,初级,11,0,11
2026-06,胸部撰写数,23,张若邈,初级,7,0,7
2026-07,胸部撰写数,23,张若邈,初级,8,0,8
2025-12,胸部撰写数,24,江蓝,初级,2,0,2
2026-01,胸部撰写数,24,江蓝,初级,8,0,8
2026-02,胸部撰写数,24,江蓝,初级,1,0,1
2026-03,胸部撰写数,24,江蓝,初级,10,0,10
2026-04,胸部撰写数,24,江蓝,初级,11,0,11
2026-05,胸部撰写数,24,江蓝,初级,14,0,14
2026-06,胸部撰写数,24,江蓝,初级,14,0,14
2026-07,胸部撰写数,24,江蓝,初级,26,0,26
2026-05,胸部撰写数,25,刘坤,初级,2,0,2
2026-06,胸部撰写数,25,刘坤,初级,32,0,32
2026-07,胸部撰写数,25,刘坤,初级,27,0,27
2026-06,胸部撰写数,29,冯芷珊,预备,1,1,2
2022-10,胸部撰写数,,于飞,未登记,1,0,1
2022-11,胸部撰写数,,于飞,未登记,1,0,1
2023-02,胸部撰写数,,于飞,未登记,1,0,1
2023-03,胸部撰写数,,于飞,未登记,1,0,1
2023-06,胸部撰写数,,于飞,未登记,2,0,2
2023-07,胸部撰写数,,于飞,未登记,1,0,1
2023-08,胸部撰写数,,于飞,未登记,3,0,3
2023-09,胸部撰写数,,于飞,未登记,3,0,3
2021-09,胸部撰写数,,傅梦竹,未登记,0,1,1
2021-11,胸部撰写数,,傅梦竹,未登记,0,1,1
2022-03,胸部撰写数,,傅梦竹,未登记,1,1,2
2022-04,胸部撰写数,,傅梦竹,未登记,0,1,1
2022-05,胸部撰写数,,傅梦竹,未登记,0,1,1
2022-06,胸部撰写数,,傅梦竹,未登记,0,3,3
2022-07,胸部撰写数,,傅梦竹,未登记,3,0,3
2022-09,胸部撰写数,,傅梦竹,未登记,1,0,1
2022-12,胸部撰写数,,傅梦竹,未登记,0,1,1
2023-01,胸部撰写数,,傅梦竹,未登记,0,1,1
2023-04,胸部撰写数,,傅梦竹,未登记,1,1,2
2023-05,胸部撰写数,,傅梦竹,未登记,0,1,1
2023-06,胸部撰写数,,傅梦竹,未登记,0,3,3
2023-07,胸部撰写数,,傅梦竹,未登记,1,1,2
2023-09,胸部撰写数,,傅梦竹,未登记,1,1,2
2023-10,胸部撰写数,,傅梦竹,未登记,1,10,11
2023-11,胸部撰写数,,傅梦竹,未登记,0,6,6
2023-12,胸部撰写数,,傅梦竹,未登记,1,6,7
2024-01,胸部撰写数,,傅梦竹,未登记,7,19,26
2024-02,胸部撰写数,,傅梦竹,未登记,0,5,5
2024-03,胸部撰写数,,傅梦竹,未登记,1,9,10
2024-04,胸部撰写数,,傅梦竹,未登记,3,6,9
2024-05,胸部撰写数,,傅梦竹,未登记,0,5,5
2024-06,胸部撰写数,,傅梦竹,未登记,0,12,12
2024-07,胸部撰写数,,傅梦竹,未登记,4,2,6
2024-08,胸部撰写数,,傅梦竹,未登记,0,5,5
2024-09,胸部撰写数,,傅梦竹,未登记,2,18,20
2024-10,胸部撰写数,,傅梦竹,未登记,1,5,6
2024-11,胸部撰写数,,傅梦竹,未登记,1,9,10
2026-05,胸部撰写数,,傅梦竹,未登记,2,7,9
2026-06,胸部撰写数,,傅梦竹,未登记,0,3,3
2026-07,胸部撰写数,,傅梦竹,未登记,5,8,13
2021-08,胸部撰写数,,刘冉,未登记,1,0,1
2021-11,胸部撰写数,,刘冉,未登记,1,1,2
2022-03,胸部撰写数,,刘冉,未登记,1,0,1
2022-04,胸部撰写数,,刘冉,未登记,1,0,1
2022-06,胸部撰写数,,吴凡,未登记,1,1,2
2026-05,胸部撰写数,,吴海燕,未登记,2,0,2
2023-10,胸部撰写数,,张静,未登记,4,0,4
2023-11,胸部撰写数,,张静,未登记,5,0,5
2023-12,胸部撰写数,,张静,未登记,11,0,11
2024-01,胸部撰写数,,张静,未登记,14,0,14
2024-02,胸部撰写数,,张静,未登记,6,0,6
2024-03,胸部撰写数,,张静,未登记,4,0,4
2025-12,胸部撰写数,,彭涛,未登记,0,1,1
2026-03,胸部撰写数,,彭涛,未登记,1,0,1
2026-04,胸部撰写数,,彭涛,未登记,11,0,11
2026-05,胸部撰写数,,彭涛,未登记,2,0,2
2026-06,胸部撰写数,,彭涛,未登记,10,0,10
2026-07,胸部撰写数,,彭涛,未登记,3,0,3
2022-04,胸部撰写数,,王佳尧,未登记,1,0,1
2021-07,胸部撰写数,,白鹤,未登记,1,0,1
2021-08,胸部撰写数,,白鹤,未登记,1,0,1
2021-09,胸部撰写数,,白鹤,未登记,1,2,3
2021-11,胸部撰写数,,白鹤,未登记,0,2,2
2022-01,胸部撰写数,,白鹤,未登记,1,1,2
2022-02,胸部撰写数,,白鹤,未登记,2,0,2
2022-04,胸部撰写数,,白鹤,未登记,1,1,2
2022-05,胸部撰写数,,白鹤,未登记,1,2,3
2022-06,胸部撰写数,,白鹤,未登记,0,3,3
2022-07,胸部撰写数,,白鹤,未登记,1,1,2
2022-08,胸部撰写数,,白鹤,未登记,0,1,1
2022-09,胸部撰写数,,白鹤,未登记,0,1,1
2022-10,胸部撰写数,,白鹤,未登记,0,2,2
2023-11,胸部撰写数,,郭瑞泽,未登记,7,0,7
2023-12,胸部撰写数,,郭瑞泽,未登记,8,0,8
2024-01,胸部撰写数,,郭瑞泽,未登记,5,0,5
2024-02,胸部撰写数,,郭瑞泽,未登记,2,0,2
2024-03,胸部撰写数,,郭瑞泽,未登记,7,0,7
2024-04,胸部撰写数,,郭瑞泽,未登记,6,0,6
2024-01,胸部撰写数,,阮丽,未登记,1,0,1
2024-05,胸部撰写数,,阮丽,未登记,3,0,3
2026-07,胸部撰写数,,马龙,未登记,17,0,17
2021-05,腹部撰写数,01,戴榕全,高级,1,0,1
2021-08,腹部撰写数,01,戴榕全,高级,1,0,1
2021-10,腹部撰写数,01,戴榕全,高级,1,1,2
2021-11,腹部撰写数,01,戴榕全,高级,1,0,1
2021-12,腹部撰写数,01,戴榕全,高级,0,1,1
2022-01,腹部撰写数,01,戴榕全,高级,1,0,1
2022-02,腹部撰写数,01,戴榕全,高级,2,2,4
2022-03,腹部撰写数,01,戴榕全,高级,1,1,2
2022-04,腹部撰写数,01,戴榕全,高级,2,2,4
2022-05,腹部撰写数,01,戴榕全,高级,0,2,2
2022-06,腹部撰写数,01,戴榕全,高级,2,0,2
2022-07,腹部撰写数,01,戴榕全,高级,1,1,2
2022-08,腹部撰写数,01,戴榕全,高级,1,0,1
2022-09,腹部撰写数,01,戴榕全,高级,1,0,1
2022-11,腹部撰写数,01,戴榕全,高级,0,1,1
2023-02,腹部撰写数,01,戴榕全,高级,0,3,3
2023-03,腹部撰写数,01,戴榕全,高级,1,4,5
2023-04,腹部撰写数,01,戴榕全,高级,1,4,5
2023-05,腹部撰写数,01,戴榕全,高级,2,4,6
2023-06,腹部撰写数,01,戴榕全,高级,0,3,3
2023-07,腹部撰写数,01,戴榕全,高级,0,3,3
2023-08,腹部撰写数,01,戴榕全,高级,1,0,1
2023-09,腹部撰写数,01,戴榕全,高级,0,4,4
2023-10,腹部撰写数,01,戴榕全,高级,1,3,4
2023-11,腹部撰写数,01,戴榕全,高级,0,10,10
2023-12,腹部撰写数,01,戴榕全,高级,0,6,6
2024-01,腹部撰写数,01,戴榕全,高级,1,8,9
2024-02,腹部撰写数,01,戴榕全,高级,3,5,8
2024-03,腹部撰写数,01,戴榕全,高级,1,7,8
2024-04,腹部撰写数,01,戴榕全,高级,3,9,12
2024-05,腹部撰写数,01,戴榕全,高级,4,9,13
2024-06,腹部撰写数,01,戴榕全,高级,1,5,6
2024-07,腹部撰写数,01,戴榕全,高级,1,2,3
2024-08,腹部撰写数,01,戴榕全,高级,1,5,6
2024-09,腹部撰写数,01,戴榕全,高级,2,4,6
2024-10,腹部撰写数,01,戴榕全,高级,5,5,10
2024-11,腹部撰写数,01,戴榕全,高级,4,2,6
2024-12,腹部撰写数,01,戴榕全,高级,2,13,15
2025-01,腹部撰写数,01,戴榕全,高级,1,5,6
2025-02,腹部撰写数,01,戴榕全,高级,1,4,5
2025-03,腹部撰写数,01,戴榕全,高级,0,11,11
2025-04,腹部撰写数,01,戴榕全,高级,1,6,7
2025-05,腹部撰写数,01,戴榕全,高级,8,13,21
2025-06,腹部撰写数,01,戴榕全,高级,2,13,15
2025-07,腹部撰写数,01,戴榕全,高级,1,10,11
2025-08,腹部撰写数,01,戴榕全,高级,5,13,18
2025-09,腹部撰写数,01,戴榕全,高级,7,16,23
2025-10,腹部撰写数,01,戴榕全,高级,1,12,13
2025-11,腹部撰写数,01,戴榕全,高级,3,18,21
2025-12,腹部撰写数,01,戴榕全,高级,3,25,28
2026-01,腹部撰写数,01,戴榕全,高级,4,24,28
2026-02,腹部撰写数,01,戴榕全,高级,2,14,16
2026-03,腹部撰写数,01,戴榕全,高级,4,15,19
2026-04,腹部撰写数,01,戴榕全,高级,5,21,26
2026-05,腹部撰写数,01,戴榕全,高级,1,19,20
2026-06,腹部撰写数,01,戴榕全,高级,1,27,28
2026-07,腹部撰写数,01,戴榕全,高级,6,25,31
2021-05,腹部撰写数,02,刘蕾,高级,0,1,1
2021-06,腹部撰写数,02,刘蕾,高级,0,1,1
2021-08,腹部撰写数,02,刘蕾,高级,1,0,1
2021-09,腹部撰写数,02,刘蕾,高级,1,0,1
2021-10,腹部撰写数,02,刘蕾,高级,1,1,2
2021-11,腹部撰写数,02,刘蕾,高级,0,1,1
2022-01,腹部撰写数,02,刘蕾,高级,2,0,2
2022-02,腹部撰写数,02,刘蕾,高级,1,2,3
2022-03,腹部撰写数,02,刘蕾,高级,1,0,1
2022-04,腹部撰写数,02,刘蕾,高级,1,3,4
2022-05,腹部撰写数,02,刘蕾,高级,0,2,2
2022-06,腹部撰写数,02,刘蕾,高级,3,1,4
2022-07,腹部撰写数,02,刘蕾,高级,1,2,3
2022-08,腹部撰写数,02,刘蕾,高级,1,0,1
2022-09,腹部撰写数,02,刘蕾,高级,0,1,1
2023-05,腹部撰写数,02,刘蕾,高级,0,1,1
2023-06,腹部撰写数,02,刘蕾,高级,0,1,1
2023-08,腹部撰写数,02,刘蕾,高级,0,2,2
2023-09,腹部撰写数,02,刘蕾,高级,0,3,3
2023-10,腹部撰写数,02,刘蕾,高级,1,3,4
2023-11,腹部撰写数,02,刘蕾,高级,0,3,3
2023-12,腹部撰写数,02,刘蕾,高级,0,4,4
2024-01,腹部撰写数,02,刘蕾,高级,1,4,5
2024-02,腹部撰写数,02,刘蕾,高级,0,1,1
2024-03,腹部撰写数,02,刘蕾,高级,2,4,6
2024-04,腹部撰写数,02,刘蕾,高级,0,1,1
2024-05,腹部撰写数,02,刘蕾,高级,0,3,3
2024-06,腹部撰写数,02,刘蕾,高级,1,3,4
2024-07,腹部撰写数,02,刘蕾,高级,1,5,6
2024-08,腹部撰写数,02,刘蕾,高级,2,5,7
2024-09,腹部撰写数,02,刘蕾,高级,0,3,3
2024-10,腹部撰写数,02,刘蕾,高级,1,6,7
2024-11,腹部撰写数,02,刘蕾,高级,3,3,6
2024-12,腹部撰写数,02,刘蕾,高级,3,6,9
2025-01,腹部撰写数,02,刘蕾,高级,0,3,3
2025-02,腹部撰写数,02,刘蕾,高级,2,5,7
2025-03,腹部撰写数,02,刘蕾,高级,5,4,9
2025-04,腹部撰写数,02,刘蕾,高级,4,7,11
2025-05,腹部撰写数,02,刘蕾,高级,2,10,12
2025-06,腹部撰写数,02,刘蕾,高级,3,8,11
2025-07,腹部撰写数,02,刘蕾,高级,5,6,11
2025-08,腹部撰写数,02,刘蕾,高级,2,10,12
2025-09,腹部撰写数,02,刘蕾,高级,3,10,13
2025-10,腹部撰写数,02,刘蕾,高级,3,13,16
2025-11,腹部撰写数,02,刘蕾,高级,1,6,7
2025-12,腹部撰写数,02,刘蕾,高级,2,16,18
2026-01,腹部撰写数,02,刘蕾,高级,3,8,11
2026-02,腹部撰写数,02,刘蕾,高级,1,10,11
2026-03,腹部撰写数,02,刘蕾,高级,1,5,6
2026-04,腹部撰写数,02,刘蕾,高级,2,11,13
2026-05,腹部撰写数,02,刘蕾,高级,1,9,10
2026-06,腹部撰写数,02,刘蕾,高级,3,12,15
2026-07,腹部撰写数,02,刘蕾,高级,2,16,18
2021-08,腹部撰写数,03,张博闻,高级,0,1,1
2021-09,腹部撰写数,03,张博闻,高级,0,2,2
2021-10,腹部撰写数,03,张博闻,高级,1,0,1
2021-11,腹部撰写数,03,张博闻,高级,0,1,1
2021-12,腹部撰写数,03,张博闻,高级,0,1,1
2022-01,腹部撰写数,03,张博闻,高级,1,0,1
2022-02,腹部撰写数,03,张博闻,高级,1,1,2
2022-03,腹部撰写数,03,张博闻,高级,1,0,1
2022-04,腹部撰写数,03,张博闻,高级,1,3,4
2022-05,腹部撰写数,03,张博闻,高级,1,1,2
2022-06,腹部撰写数,03,张博闻,高级,0,4,4
2022-07,腹部撰写数,03,张博闻,高级,0,1,1
2022-08,腹部撰写数,03,张博闻,高级,1,2,3
2022-09,腹部撰写数,03,张博闻,高级,1,1,2
2022-10,腹部撰写数,03,张博闻,高级,0,2,2
2022-11,腹部撰写数,03,张博闻,高级,0,3,3
2022-12,腹部撰写数,03,张博闻,高级,1,1,2
2023-01,腹部撰写数,03,张博闻,高级,0,1,1
2023-02,腹部撰写数,03,张博闻,高级,1,0,1
2023-03,腹部撰写数,03,张博闻,高级,1,1,2
2023-04,腹部撰写数,03,张博闻,高级,1,0,1
2023-06,腹部撰写数,03,张博闻,高级,2,2,4
2023-07,腹部撰写数,03,张博闻,高级,1,2,3
2023-08,腹部撰写数,03,张博闻,高级,1,5,6
2023-09,腹部撰写数,03,张博闻,高级,1,2,3
2023-10,腹部撰写数,03,张博闻,高级,1,7,8
2023-11,腹部撰写数,03,张博闻,高级,2,3,5
2023-12,腹部撰写数,03,张博闻,高级,2,5,7
2024-01,腹部撰写数,03,张博闻,高级,3,2,5
2024-02,腹部撰写数,03,张博闻,高级,2,2,4
2024-03,腹部撰写数,03,张博闻,高级,3,6,9
2024-04,腹部撰写数,03,张博闻,高级,5,6,11
2024-05,腹部撰写数,03,张博闻,高级,4,5,9
2024-06,腹部撰写数,03,张博闻,高级,5,5,10
2024-07,腹部撰写数,03,张博闻,高级,0,5,5
2024-08,腹部撰写数,03,张博闻,高级,4,5,9
2024-09,腹部撰写数,03,张博闻,高级,1,5,6
2024-10,腹部撰写数,03,张博闻,高级,6,10,16
2024-11,腹部撰写数,03,张博闻,高级,5,8,13
2024-12,腹部撰写数,03,张博闻,高级,1,6,7
2025-01,腹部撰写数,03,张博闻,高级,1,8,9
2025-02,腹部撰写数,03,张博闻,高级,3,4,7
2025-03,腹部撰写数,03,张博闻,高级,1,12,13
2025-04,腹部撰写数,03,张博闻,高级,2,12,14
2025-05,腹部撰写数,03,张博闻,高级,2,12,14
2025-06,腹部撰写数,03,张博闻,高级,5,10,15
2025-07,腹部撰写数,03,张博闻,高级,0,9,9
2025-08,腹部撰写数,03,张博闻,高级,1,16,17
2025-09,腹部撰写数,03,张博闻,高级,1,8,9
2025-10,腹部撰写数,03,张博闻,高级,3,25,28
2025-11,腹部撰写数,03,张博闻,高级,2,8,10
2025-12,腹部撰写数,03,张博闻,高级,5,8,13
2026-01,腹部撰写数,03,张博闻,高级,9,14,23
2026-02,腹部撰写数,03,张博闻,高级,5,14,19
2026-03,腹部撰写数,03,张博闻,高级,1,11,12
2026-04,腹部撰写数,03,张博闻,高级,1,20,21
2026-05,腹部撰写数,03,张博闻,高级,2,20,22
2026-06,腹部撰写数,03,张博闻,高级,2,10,12
2026-07,腹部撰写数,03,张博闻,高级,2,15,17
2022-01,腹部撰写数,04,白璐,高级,0,2,2
2022-02,腹部撰写数,04,白璐,高级,2,1,3
2022-03,腹部撰写数,04,白璐,高级,1,1,2
2022-04,腹部撰写数,04,白璐,高级,1,0,1
2022-05,腹部撰写数,04,白璐,高级,1,1,2
2022-07,腹部撰写数,04,白璐,高级,1,5,6
2022-08,腹部撰写数,04,白璐,高级,1,1,2
2022-09,腹部撰写数,04,白璐,高级,0,3,3
2022-10,腹部撰写数,04,白璐,高级,2,1,3
2022-11,腹部撰写数,04,白璐,高级,1,0,1
2023-01,腹部撰写数,04,白璐,高级,1,1,2
2023-02,腹部撰写数,04,白璐,高级,0,1,1
2023-03,腹部撰写数,04,白璐,高级,0,1,1
2023-04,腹部撰写数,04,白璐,高级,1,2,3
2023-06,腹部撰写数,04,白璐,高级,2,2,4
2023-07,腹部撰写数,04,白璐,高级,0,1,1
2023-08,腹部撰写数,04,白璐,高级,0,1,1
2023-09,腹部撰写数,04,白璐,高级,0,2,2
2023-10,腹部撰写数,04,白璐,高级,0,1,1
2023-11,腹部撰写数,04,白璐,高级,1,5,6
2023-12,腹部撰写数,04,白璐,高级,1,2,3
2024-01,腹部撰写数,04,白璐,高级,0,2,2
2024-02,腹部撰写数,04,白璐,高级,0,3,3
2024-03,腹部撰写数,04,白璐,高级,0,2,2
2024-04,腹部撰写数,04,白璐,高级,3,2,5
2024-05,腹部撰写数,04,白璐,高级,6,2,8
2024-06,腹部撰写数,04,白璐,高级,2,9,11
2024-07,腹部撰写数,04,白璐,高级,4,5,9
2024-08,腹部撰写数,04,白璐,高级,1,4,5
2024-09,腹部撰写数,04,白璐,高级,1,7,8
2024-10,腹部撰写数,04,白璐,高级,3,10,13
2024-11,腹部撰写数,04,白璐,高级,5,10,15
2024-12,腹部撰写数,04,白璐,高级,2,6,8
2025-01,腹部撰写数,04,白璐,高级,2,5,7
2025-02,腹部撰写数,04,白璐,高级,2,13,15
2025-03,腹部撰写数,04,白璐,高级,4,14,18
2025-04,腹部撰写数,04,白璐,高级,3,8,11
2025-05,腹部撰写数,04,白璐,高级,5,12,17
2025-06,腹部撰写数,04,白璐,高级,2,7,9
2025-07,腹部撰写数,04,白璐,高级,8,18,26
2025-08,腹部撰写数,04,白璐,高级,3,6,9
2025-09,腹部撰写数,04,白璐,高级,5,8,13
2025-10,腹部撰写数,04,白璐,高级,8,8,16
2025-11,腹部撰写数,04,白璐,高级,3,14,17
2025-12,腹部撰写数,04,白璐,高级,4,14,18
2026-01,腹部撰写数,04,白璐,高级,6,18,24
2026-02,腹部撰写数,04,白璐,高级,2,12,14
2026-03,腹部撰写数,04,白璐,高级,4,11,15
2026-04,腹部撰写数,04,白璐,高级,2,12,14
2026-05,腹部撰写数,04,白璐,高级,6,21,27
2026-06,腹部撰写数,04,白璐,高级,5,10,15
2026-07,腹部撰写数,04,白璐,高级,6,12,18
2022-04,腹部撰写数,05,周媛媛,高级,0,1,1
2022-06,腹部撰写数,05,周媛媛,高级,1,0,1
2022-07,腹部撰写数,05,周媛媛,高级,1,0,1
2022-08,腹部撰写数,05,周媛媛,高级,2,0,2
2022-10,腹部撰写数,05,周媛媛,高级,0,1,1
2022-11,腹部撰写数,05,周媛媛,高级,0,1,1
2022-12,腹部撰写数,05,周媛媛,高级,0,1,1
2023-01,腹部撰写数,05,周媛媛,高级,1,0,1
2023-03,腹部撰写数,05,周媛媛,高级,1,1,2
2023-04,腹部撰写数,05,周媛媛,高级,1,1,2
2023-05,腹部撰写数,05,周媛媛,高级,0,2,2
2023-06,腹部撰写数,05,周媛媛,高级,1,1,2
2023-07,腹部撰写数,05,周媛媛,高级,1,1,2
2023-08,腹部撰写数,05,周媛媛,高级,0,1,1
2023-11,腹部撰写数,05,周媛媛,高级,0,1,1
2023-12,腹部撰写数,05,周媛媛,高级,2,0,2
2024-01,腹部撰写数,05,周媛媛,高级,3,5,8
2024-02,腹部撰写数,05,周媛媛,高级,0,6,6
2024-03,腹部撰写数,05,周媛媛,高级,6,7,13
2024-04,腹部撰写数,05,周媛媛,高级,5,12,17
2024-05,腹部撰写数,05,周媛媛,高级,2,11,13
2024-06,腹部撰写数,05,周媛媛,高级,4,9,13
2024-07,腹部撰写数,05,周媛媛,高级,3,7,10
2024-08,腹部撰写数,05,周媛媛,高级,3,3,6
2024-09,腹部撰写数,05,周媛媛,高级,3,6,9
2024-10,腹部撰写数,05,周媛媛,高级,3,10,13
2024-11,腹部撰写数,05,周媛媛,高级,3,12,15
2024-12,腹部撰写数,05,周媛媛,高级,5,4,9
2025-01,腹部撰写数,05,周媛媛,高级,0,3,3
2025-02,腹部撰写数,05,周媛媛,高级,2,7,9
2025-03,腹部撰写数,05,周媛媛,高级,2,7,9
2025-04,腹部撰写数,05,周媛媛,高级,0,4,4
2025-05,腹部撰写数,05,周媛媛,高级,4,16,20
2025-06,腹部撰写数,05,周媛媛,高级,0,6,6
2025-07,腹部撰写数,05,周媛媛,高级,3,6,9
2025-08,腹部撰写数,05,周媛媛,高级,2,8,10
2025-09,腹部撰写数,05,周媛媛,高级,2,12,14
2025-10,腹部撰写数,05,周媛媛,高级,2,9,11
2025-11,腹部撰写数,05,周媛媛,高级,3,19,22
2025-12,腹部撰写数,05,周媛媛,高级,2,14,16
2026-01,腹部撰写数,05,周媛媛,高级,4,13,17
2026-02,腹部撰写数,05,周媛媛,高级,3,14,17
2026-03,腹部撰写数,05,周媛媛,高级,4,24,28
2026-04,腹部撰写数,05,周媛媛,高级,2,14,16
2021-08,腹部撰写数,06,曲艺,高级,1,1,2
2021-10,腹部撰写数,06,曲艺,高级,1,1,2
2022-02,腹部撰写数,06,曲艺,高级,2,2,4
2022-04,腹部撰写数,06,曲艺,高级,1,0,1
2022-05,腹部撰写数,06,曲艺,高级,6,0,6
2022-06,腹部撰写数,06,曲艺,高级,1,0,1
2022-07,腹部撰写数,06,曲艺,高级,3,1,4
2022-09,腹部撰写数,06,曲艺,高级,1,0,1
2023-02,腹部撰写数,06,曲艺,高级,1,2,3
2023-03,腹部撰写数,06,曲艺,高级,1,2,3
2023-04,腹部撰写数,06,曲艺,高级,0,3,3
2023-05,腹部撰写数,06,曲艺,高级,1,0,1
2023-06,腹部撰写数,06,曲艺,高级,4,2,6
2023-07,腹部撰写数,06,曲艺,高级,0,1,1
2023-09,腹部撰写数,06,曲艺,高级,2,0,2
2023-10,腹部撰写数,06,曲艺,高级,0,1,1
2023-11,腹部撰写数,06,曲艺,高级,2,1,3
2023-12,腹部撰写数,06,曲艺,高级,1,1,2
2024-01,腹部撰写数,06,曲艺,高级,3,1,4
2024-02,腹部撰写数,06,曲艺,高级,0,2,2
2024-04,腹部撰写数,06,曲艺,高级,1,3,4
2024-05,腹部撰写数,06,曲艺,高级,3,2,5
2024-06,腹部撰写数,06,曲艺,高级,4,4,8
2024-07,腹部撰写数,06,曲艺,高级,2,1,3
2024-08,腹部撰写数,06,曲艺,高级,0,2,2
2024-09,腹部撰写数,06,曲艺,高级,5,2,7
2024-10,腹部撰写数,06,曲艺,高级,4,11,15
2024-11,腹部撰写数,06,曲艺,高级,3,8,11
2024-12,腹部撰写数,06,曲艺,高级,1,7,8
2025-01,腹部撰写数,06,曲艺,高级,1,1,2
2025-02,腹部撰写数,06,曲艺,高级,2,8,10
2025-03,腹部撰写数,06,曲艺,高级,7,12,19
2025-04,腹部撰写数,06,曲艺,高级,1,10,11
2025-05,腹部撰写数,06,曲艺,高级,2,6,8
2025-06,腹部撰写数,06,曲艺,高级,5,12,17
2025-07,腹部撰写数,06,曲艺,高级,2,5,7
2025-08,腹部撰写数,06,曲艺,高级,3,11,14
2025-09,腹部撰写数,06,曲艺,高级,3,15,18
2025-10,腹部撰写数,06,曲艺,高级,10,10,20
2025-11,腹部撰写数,06,曲艺,高级,10,16,26
2025-12,腹部撰写数,06,曲艺,高级,9,11,20
2026-01,腹部撰写数,06,曲艺,高级,4,12,16
2026-02,腹部撰写数,06,曲艺,高级,4,9,13
2026-03,腹部撰写数,06,曲艺,高级,7,26,33
2026-04,腹部撰写数,06,曲艺,高级,1,20,21
2026-05,腹部撰写数,06,曲艺,高级,3,11,14
2026-06,腹部撰写数,06,曲艺,高级,1,24,25
2026-07,腹部撰写数,06,曲艺,高级,2,21,23
2007-07,腹部撰写数,07,苏畅,高级,0,1,1
2022-04,腹部撰写数,07,苏畅,高级,0,1,1
2022-07,腹部撰写数,07,苏畅,高级,2,1,3
2022-08,腹部撰写数,07,苏畅,高级,2,0,2
2022-10,腹部撰写数,07,苏畅,高级,1,1,2
2022-11,腹部撰写数,07,苏畅,高级,1,0,1
2023-01,腹部撰写数,07,苏畅,高级,1,1,2
2023-03,腹部撰写数,07,苏畅,高级,3,1,4
2023-04,腹部撰写数,07,苏畅,高级,1,3,4
2023-05,腹部撰写数,07,苏畅,高级,3,3,6
2023-06,腹部撰写数,07,苏畅,高级,2,1,3
2023-07,腹部撰写数,07,苏畅,高级,5,3,8
2023-08,腹部撰写数,07,苏畅,高级,1,2,3
2023-09,腹部撰写数,07,苏畅,高级,0,1,1
2023-10,腹部撰写数,07,苏畅,高级,0,2,2
2023-11,腹部撰写数,07,苏畅,高级,4,3,7
2023-12,腹部撰写数,07,苏畅,高级,1,2,3
2024-01,腹部撰写数,07,苏畅,高级,2,2,4
2024-02,腹部撰写数,07,苏畅,高级,3,2,5
2024-03,腹部撰写数,07,苏畅,高级,7,5,12
2024-04,腹部撰写数,07,苏畅,高级,9,6,15
2024-05,腹部撰写数,07,苏畅,高级,2,7,9
2024-06,腹部撰写数,07,苏畅,高级,9,13,22
2024-07,腹部撰写数,07,苏畅,高级,3,4,7
2024-08,腹部撰写数,07,苏畅,高级,3,5,8
2024-09,腹部撰写数,07,苏畅,高级,6,4,10
2024-10,腹部撰写数,07,苏畅,高级,10,6,16
2024-11,腹部撰写数,07,苏畅,高级,5,14,19
2024-12,腹部撰写数,07,苏畅,高级,5,15,20
2025-01,腹部撰写数,07,苏畅,高级,7,7,14
2025-02,腹部撰写数,07,苏畅,高级,2,10,12
2025-03,腹部撰写数,07,苏畅,高级,9,15,24
2025-04,腹部撰写数,07,苏畅,高级,11,8,19
2025-05,腹部撰写数,07,苏畅,高级,5,15,20
2025-06,腹部撰写数,07,苏畅,高级,6,12,18
2025-07,腹部撰写数,07,苏畅,高级,5,15,20
2025-08,腹部撰写数,07,苏畅,高级,10,19,29
2025-09,腹部撰写数,07,苏畅,高级,9,9,18
2025-10,腹部撰写数,07,苏畅,高级,11,21,32
2025-11,腹部撰写数,07,苏畅,高级,8,19,27
2025-12,腹部撰写数,07,苏畅,高级,4,20,24
2026-01,腹部撰写数,07,苏畅,高级,11,19,30
2026-02,腹部撰写数,07,苏畅,高级,6,7,13
2026-03,腹部撰写数,07,苏畅,高级,4,17,21
2026-04,腹部撰写数,07,苏畅,高级,10,28,38
2026-05,腹部撰写数,07,苏畅,高级,5,19,24
2026-06,腹部撰写数,07,苏畅,高级,3,26,29
2026-07,腹部撰写数,07,苏畅,高级,6,14,20
2022-04,腹部撰写数,08,张志轩,高级,1,0,1
2022-06,腹部撰写数,08,张志轩,高级,2,0,2
2022-10,腹部撰写数,08,张志轩,高级,1,0,1
2022-12,腹部撰写数,08,张志轩,高级,1,0,1
2023-01,腹部撰写数,08,张志轩,高级,1,0,1
2023-02,腹部撰写数,08,张志轩,高级,1,0,1
2023-03,腹部撰写数,08,张志轩,高级,2,0,2
2023-04,腹部撰写数,08,张志轩,高级,1,2,3
2023-05,腹部撰写数,08,张志轩,高级,2,0,2
2023-08,腹部撰写数,08,张志轩,高级,0,1,1
2023-09,腹部撰写数,08,张志轩,高级,1,0,1
2023-10,腹部撰写数,08,张志轩,高级,1,1,2
2023-11,腹部撰写数,08,张志轩,高级,3,0,3
2023-12,腹部撰写数,08,张志轩,高级,5,5,10
2024-01,腹部撰写数,08,张志轩,高级,0,3,3
2024-02,腹部撰写数,08,张志轩,高级,4,3,7
2024-03,腹部撰写数,08,张志轩,高级,3,3,6
2024-04,腹部撰写数,08,张志轩,高级,5,5,10
2024-05,腹部撰写数,08,张志轩,高级,1,5,6
2024-06,腹部撰写数,08,张志轩,高级,3,9,12
2024-07,腹部撰写数,08,张志轩,高级,3,7,10
2024-08,腹部撰写数,08,张志轩,高级,3,5,8
2024-09,腹部撰写数,08,张志轩,高级,3,2,5
2024-10,腹部撰写数,08,张志轩,高级,2,6,8
2024-11,腹部撰写数,08,张志轩,高级,5,5,10
2024-12,腹部撰写数,08,张志轩,高级,1,0,1
2025-01,腹部撰写数,08,张志轩,高级,0,10,10
2025-02,腹部撰写数,08,张志轩,高级,0,2,2
2025-03,腹部撰写数,08,张志轩,高级,6,13,19
2025-04,腹部撰写数,08,张志轩,高级,2,5,7
2025-05,腹部撰写数,08,张志轩,高级,2,5,7
2025-06,腹部撰写数,08,张志轩,高级,1,4,5
2025-07,腹部撰写数,08,张志轩,高级,2,5,7
2025-08,腹部撰写数,08,张志轩,高级,7,8,15
2025-09,腹部撰写数,08,张志轩,高级,1,11,12
2025-10,腹部撰写数,08,张志轩,高级,4,18,22
2025-11,腹部撰写数,08,张志轩,高级,2,6,8
2025-12,腹部撰写数,08,张志轩,高级,10,12,22
2026-01,腹部撰写数,08,张志轩,高级,3,11,14
2026-02,腹部撰写数,08,张志轩,高级,2,6,8
2026-03,腹部撰写数,08,张志轩,高级,2,18,20
2026-04,腹部撰写数,08,张志轩,高级,8,10,18
2026-05,腹部撰写数,08,张志轩,高级,5,11,16
2026-06,腹部撰写数,08,张志轩,高级,9,24,33
2026-07,腹部撰写数,08,张志轩,高级,5,17,22
2007-07,腹部撰写数,09,邝怡,高级,1,0,1
2022-04,腹部撰写数,09,邝怡,高级,1,0,1
2022-05,腹部撰写数,09,邝怡,高级,1,0,1
2022-06,腹部撰写数,09,邝怡,高级,1,0,1
2022-07,腹部撰写数,09,邝怡,高级,2,0,2
2022-08,腹部撰写数,09,邝怡,高级,2,2,4
2022-10,腹部撰写数,09,邝怡,高级,1,0,1
2022-12,腹部撰写数,09,邝怡,高级,1,0,1
2023-02,腹部撰写数,09,邝怡,高级,2,0,2
2023-03,腹部撰写数,09,邝怡,高级,2,1,3
2023-04,腹部撰写数,09,邝怡,高级,2,0,2
2023-05,腹部撰写数,09,邝怡,高级,3,1,4
2023-06,腹部撰写数,09,邝怡,高级,1,1,2
2023-07,腹部撰写数,09,邝怡,高级,2,1,3
2023-09,腹部撰写数,09,邝怡,高级,3,2,5
2023-10,腹部撰写数,09,邝怡,高级,4,5,9
2023-11,腹部撰写数,09,邝怡,高级,6,2,8
2023-12,腹部撰写数,09,邝怡,高级,1,3,4
2024-01,腹部撰写数,09,邝怡,高级,0,2,2
2024-02,腹部撰写数,09,邝怡,高级,2,1,3
2024-03,腹部撰写数,09,邝怡,高级,3,1,4
2024-04,腹部撰写数,09,邝怡,高级,3,2,5
2024-05,腹部撰写数,09,邝怡,高级,2,0,2
2024-06,腹部撰写数,09,邝怡,高级,2,3,5
2024-07,腹部撰写数,09,邝怡,高级,0,1,1
2024-08,腹部撰写数,09,邝怡,高级,2,2,4
2024-09,腹部撰写数,09,邝怡,高级,2,3,5
2024-10,腹部撰写数,09,邝怡,高级,2,5,7
2024-11,腹部撰写数,09,邝怡,高级,6,2,8
2024-12,腹部撰写数,09,邝怡,高级,1,5,6
2025-01,腹部撰写数,09,邝怡,高级,1,5,6
2025-02,腹部撰写数,09,邝怡,高级,11,11,22
2025-03,腹部撰写数,09,邝怡,高级,4,5,9
2025-04,腹部撰写数,09,邝怡,高级,3,5,8
2025-05,腹部撰写数,09,邝怡,高级,3,7,10
2025-06,腹部撰写数,09,邝怡,高级,3,15,18
2025-07,腹部撰写数,09,邝怡,高级,3,8,11
2025-08,腹部撰写数,09,邝怡,高级,3,15,18
2025-09,腹部撰写数,09,邝怡,高级,0,10,10
2025-10,腹部撰写数,09,邝怡,高级,0,1,1
2025-11,腹部撰写数,09,邝怡,高级,1,10,11
2025-12,腹部撰写数,09,邝怡,高级,1,3,4
2026-01,腹部撰写数,09,邝怡,高级,6,7,13
2026-02,腹部撰写数,09,邝怡,高级,4,10,14
2026-03,腹部撰写数,09,邝怡,高级,1,12,13
2026-04,腹部撰写数,09,邝怡,高级,0,13,13
2026-05,腹部撰写数,09,邝怡,高级,3,18,21
2026-06,腹部撰写数,09,邝怡,高级,3,5,8
2026-07,腹部撰写数,09,邝怡,高级,4,21,25
2022-08,腹部撰写数,10,吴璇,高级,1,0,1
2022-09,腹部撰写数,10,吴璇,高级,3,0,3
2022-10,腹部撰写数,10,吴璇,高级,1,0,1
2022-11,腹部撰写数,10,吴璇,高级,1,0,1
2022-12,腹部撰写数,10,吴璇,高级,2,0,2
2023-01,腹部撰写数,10,吴璇,高级,1,0,1
2023-03,腹部撰写数,10,吴璇,高级,1,0,1
2023-04,腹部撰写数,10,吴璇,高级,4,0,4
2023-05,腹部撰写数,10,吴璇,高级,1,0,1
2023-06,腹部撰写数,10,吴璇,高级,2,1,3
2023-07,腹部撰写数,10,吴璇,高级,3,0,3
2023-08,腹部撰写数,10,吴璇,高级,5,0,5
2023-09,腹部撰写数,10,吴璇,高级,3,0,3
2023-10,腹部撰写数,10,吴璇,高级,5,0,5
2023-11,腹部撰写数,10,吴璇,高级,5,0,5
2023-12,腹部撰写数,10,吴璇,高级,2,1,3
2024-01,腹部撰写数,10,吴璇,高级,2,0,2
2024-02,腹部撰写数,10,吴璇,高级,1,0,1
2024-03,腹部撰写数,10,吴璇,高级,4,0,4
2024-04,腹部撰写数,10,吴璇,高级,5,1,6
2024-05,腹部撰写数,10,吴璇,高级,4,2,6
2024-06,腹部撰写数,10,吴璇,高级,5,2,7
2024-07,腹部撰写数,10,吴璇,高级,2,2,4
2024-08,腹部撰写数,10,吴璇,高级,3,4,7
2024-09,腹部撰写数,10,吴璇,高级,3,2,5
2024-10,腹部撰写数,10,吴璇,高级,7,8,15
2024-11,腹部撰写数,10,吴璇,高级,5,8,13
2024-12,腹部撰写数,10,吴璇,高级,4,5,9
2025-01,腹部撰写数,10,吴璇,高级,5,6,11
2025-02,腹部撰写数,10,吴璇,高级,11,4,15
2025-03,腹部撰写数,10,吴璇,高级,4,1,5
2025-04,腹部撰写数,10,吴璇,高级,0,7,7
2025-05,腹部撰写数,10,吴璇,高级,8,5,13
2025-06,腹部撰写数,10,吴璇,高级,3,15,18
2025-07,腹部撰写数,10,吴璇,高级,9,15,24
2025-08,腹部撰写数,10,吴璇,高级,0,8,8
2025-09,腹部撰写数,10,吴璇,高级,2,5,7
2025-10,腹部撰写数,10,吴璇,高级,6,16,22
2025-11,腹部撰写数,10,吴璇,高级,5,13,18
2025-12,腹部撰写数,10,吴璇,高级,9,19,28
2026-01,腹部撰写数,10,吴璇,高级,2,17,19
2026-02,腹部撰写数,10,吴璇,高级,5,12,17
2026-03,腹部撰写数,10,吴璇,高级,9,18,27
2026-04,腹部撰写数,10,吴璇,高级,4,11,15
2026-05,腹部撰写数,10,吴璇,高级,3,12,15
2026-06,腹部撰写数,10,吴璇,高级,6,10,16
2026-07,腹部撰写数,10,吴璇,高级,11,9,20
2023-10,腹部撰写数,11,张秋梅,中级,1,0,1
2023-12,腹部撰写数,11,张秋梅,中级,1,0,1
2024-01,腹部撰写数,11,张秋梅,中级,1,0,1
2024-02,腹部撰写数,11,张秋梅,中级,1,0,1
2024-05,腹部撰写数,11,张秋梅,中级,2,0,2
2024-06,腹部撰写数,11,张秋梅,中级,5,0,5
2024-07,腹部撰写数,11,张秋梅,中级,1,0,1
2024-08,腹部撰写数,11,张秋梅,中级,6,0,6
2024-09,腹部撰写数,11,张秋梅,中级,3,0,3
2024-10,腹部撰写数,11,张秋梅,中级,3,0,3
2024-11,腹部撰写数,11,张秋梅,中级,6,0,6
2024-12,腹部撰写数,11,张秋梅,中级,8,0,8
2025-01,腹部撰写数,11,张秋梅,中级,6,0,6
2025-02,腹部撰写数,11,张秋梅,中级,3,0,3
2025-03,腹部撰写数,11,张秋梅,中级,6,1,7
2025-04,腹部撰写数,11,张秋梅,中级,5,1,6
2025-05,腹部撰写数,11,张秋梅,中级,8,0,8
2025-06,腹部撰写数,11,张秋梅,中级,11,0,11
2025-07,腹部撰写数,11,张秋梅,中级,3,0,3
2025-08,腹部撰写数,11,张秋梅,中级,15,0,15
2025-09,腹部撰写数,11,张秋梅,中级,16,0,16
2025-10,腹部撰写数,11,张秋梅,中级,11,0,11
2025-11,腹部撰写数,11,张秋梅,中级,14,0,14
2025-12,腹部撰写数,11,张秋梅,中级,6,0,6
2026-01,腹部撰写数,11,张秋梅,中级,20,0,20
2026-02,腹部撰写数,11,张秋梅,中级,1,0,1
2026-03,腹部撰写数,11,张秋梅,中级,20,0,20
2026-04,腹部撰写数,11,张秋梅,中级,6,0,6
2026-05,腹部撰写数,11,张秋梅,中级,17,0,17
2026-06,腹部撰写数,11,张秋梅,中级,11,0,11
2026-07,腹部撰写数,11,张秋梅,中级,15,0,15
2024-01,腹部撰写数,12,刘慜思,中级,1,0,1
2024-03,腹部撰写数,12,刘慜思,中级,1,0,1
2024-04,腹部撰写数,12,刘慜思,中级,1,0,1
2024-05,腹部撰写数,12,刘慜思,中级,2,1,3
2024-06,腹部撰写数,12,刘慜思,中级,1,0,1
2024-07,腹部撰写数,12,刘慜思,中级,2,0,2
2024-08,腹部撰写数,12,刘慜思,中级,2,0,2
2024-10,腹部撰写数,12,刘慜思,中级,3,0,3
2024-11,腹部撰写数,12,刘慜思,中级,2,0,2
2024-12,腹部撰写数,12,刘慜思,中级,2,0,2
2025-01,腹部撰写数,12,刘慜思,中级,7,0,7
2025-02,腹部撰写数,12,刘慜思,中级,6,0,6
2025-03,腹部撰写数,12,刘慜思,中级,10,0,10
2025-04,腹部撰写数,12,刘慜思,中级,5,0,5
2025-05,腹部撰写数,12,刘慜思,中级,6,0,6
2025-06,腹部撰写数,12,刘慜思,中级,6,0,6
2025-07,腹部撰写数,12,刘慜思,中级,6,0,6
2025-08,腹部撰写数,12,刘慜思,中级,5,0,5
2025-09,腹部撰写数,12,刘慜思,中级,3,0,3
2025-10,腹部撰写数,12,刘慜思,中级,11,0,11
2025-11,腹部撰写数,12,刘慜思,中级,10,0,10
2025-12,腹部撰写数,12,刘慜思,中级,11,0,11
2026-01,腹部撰写数,12,刘慜思,中级,10,0,10
2026-02,腹部撰写数,12,刘慜思,中级,8,0,8
2026-03,腹部撰写数,12,刘慜思,中级,8,0,8
2026-04,腹部撰写数,12,刘慜思,中级,23,0,23
2026-05,腹部撰写数,12,刘慜思,中级,20,0,20
2026-06,腹部撰写数,12,刘慜思,中级,8,0,8
2026-07,腹部撰写数,12,刘慜思,中级,10,0,10
2023-04,腹部撰写数,13,康博,其它,1,0,1
2023-05,腹部撰写数,13,康博,其它,2,1,3
2023-06,腹部撰写数,13,康博,其它,4,0,4
2023-09,腹部撰写数,13,康博,其它,1,0,1
2023-10,腹部撰写数,13,康博,其它,8,0,8
2023-11,腹部撰写数,13,康博,其它,1,0,1
2023-12,腹部撰写数,13,康博,其它,5,0,5
2024-01,腹部撰写数,13,康博,其它,8,1,9
2024-02,腹部撰写数,13,康博,其它,5,0,5
2024-03,腹部撰写数,13,康博,其它,3,0,3
2024-04,腹部撰写数,13,康博,其它,5,0,5
2024-05,腹部撰写数,13,康博,其它,7,0,7
2024-06,腹部撰写数,13,康博,其它,9,0,9
2024-07,腹部撰写数,13,康博,其它,9,0,9
2024-08,腹部撰写数,13,康博,其它,4,0,4
2024-09,腹部撰写数,13,康博,其它,9,0,9
2024-10,腹部撰写数,13,康博,其它,9,0,9
2024-11,腹部撰写数,13,康博,其它,3,0,3
2024-12,腹部撰写数,13,康博,其它,10,0,10
2025-02,腹部撰写数,13,康博,其它,5,0,5
2025-03,腹部撰写数,13,康博,其它,9,0,9
2025-04,腹部撰写数,13,康博,其它,6,0,6
2025-05,腹部撰写数,13,康博,其它,17,0,17
2025-06,腹部撰写数,13,康博,其它,11,0,11
2025-07,腹部撰写数,13,康博,其它,4,0,4
2025-08,腹部撰写数,13,康博,其它,8,0,8
2025-09,腹部撰写数,13,康博,其它,4,0,4
2025-11,腹部撰写数,13,康博,其它,7,0,7
2025-12,腹部撰写数,13,康博,其它,8,0,8
2026-02,腹部撰写数,13,康博,其它,4,0,4
2026-03,腹部撰写数,13,康博,其它,6,0,6
2026-04,腹部撰写数,13,康博,其它,4,0,4
2026-05,腹部撰写数,13,康博,其它,6,0,6
2026-06,腹部撰写数,13,康博,其它,7,0,7
2026-07,腹部撰写数,13,康博,其它,11,0,11
2023-10,腹部撰写数,14,简乐诗,中级,1,0,1
2023-11,腹部撰写数,14,简乐诗,中级,1,0,1
2023-12,腹部撰写数,14,简乐诗,中级,2,0,2
2024-01,腹部撰写数,14,简乐诗,中级,1,0,1
2024-03,腹部撰写数,14,简乐诗,中级,1,0,1
2024-05,腹部撰写数,14,简乐诗,中级,2,0,2
2024-06,腹部撰写数,14,简乐诗,中级,8,0,8
2024-07,腹部撰写数,14,简乐诗,中级,2,0,2
2024-08,腹部撰写数,14,简乐诗,中级,1,0,1
2024-09,腹部撰写数,14,简乐诗,中级,2,0,2
2024-10,腹部撰写数,14,简乐诗,中级,5,0,5
2024-11,腹部撰写数,14,简乐诗,中级,4,0,4
2024-12,腹部撰写数,14,简乐诗,中级,4,0,4
2025-01,腹部撰写数,14,简乐诗,中级,7,0,7
2025-02,腹部撰写数,14,简乐诗,中级,3,0,3
2025-03,腹部撰写数,14,简乐诗,中级,7,0,7
2025-04,腹部撰写数,14,简乐诗,中级,8,0,8
2025-05,腹部撰写数,14,简乐诗,中级,5,0,5
2025-06,腹部撰写数,14,简乐诗,中级,8,0,8
2025-07,腹部撰写数,14,简乐诗,中级,9,0,9
2025-08,腹部撰写数,14,简乐诗,中级,9,0,9
2025-09,腹部撰写数,14,简乐诗,中级,19,0,19
2025-10,腹部撰写数,14,简乐诗,中级,19,0,19
2025-11,腹部撰写数,14,简乐诗,中级,11,1,12
2025-12,腹部撰写数,14,简乐诗,中级,11,0,11
2026-01,腹部撰写数,14,简乐诗,中级,11,2,13
2026-02,腹部撰写数,14,简乐诗,中级,9,1,10
2026-03,腹部撰写数,14,简乐诗,中级,12,4,16
2026-04,腹部撰写数,14,简乐诗,中级,11,10,21
2026-05,腹部撰写数,14,简乐诗,中级,8,7,15
2026-06,腹部撰写数,14,简乐诗,中级,15,4,19
2026-07,腹部撰写数,14,简乐诗,中级,11,3,14
2023-10,腹部撰写数,15,陈可欣,中级,3,1,4
2023-11,腹部撰写数,15,陈可欣,中级,1,0,1
2024-01,腹部撰写数,15,陈可欣,中级,1,0,1
2024-02,腹部撰写数,15,陈可欣,中级,3,0,3
2024-03,腹部撰写数,15,陈可欣,中级,4,0,4
2024-04,腹部撰写数,15,陈可欣,中级,2,0,2
2024-05,腹部撰写数,15,陈可欣,中级,10,0,10
2024-06,腹部撰写数,15,陈可欣,中级,10,0,10
2024-07,腹部撰写数,15,陈可欣,中级,5,0,5
2024-10,腹部撰写数,15,陈可欣,中级,7,0,7
2024-11,腹部撰写数,15,陈可欣,中级,9,0,9
2024-12,腹部撰写数,15,陈可欣,中级,6,1,7
2025-01,腹部撰写数,15,陈可欣,中级,6,0,6
2025-02,腹部撰写数,15,陈可欣,中级,10,0,10
2025-03,腹部撰写数,15,陈可欣,中级,6,0,6
2025-04,腹部撰写数,15,陈可欣,中级,9,0,9
2025-05,腹部撰写数,15,陈可欣,中级,5,1,6
2025-06,腹部撰写数,15,陈可欣,中级,10,0,10
2025-07,腹部撰写数,15,陈可欣,中级,7,0,7
2025-08,腹部撰写数,15,陈可欣,中级,9,0,9
2025-09,腹部撰写数,15,陈可欣,中级,8,1,9
2025-10,腹部撰写数,15,陈可欣,中级,9,0,9
2025-11,腹部撰写数,15,陈可欣,中级,7,2,9
2025-12,腹部撰写数,15,陈可欣,中级,17,3,20
2026-01,腹部撰写数,15,陈可欣,中级,9,3,12
2026-02,腹部撰写数,15,陈可欣,中级,15,6,21
2026-03,腹部撰写数,15,陈可欣,中级,8,9,17
2026-04,腹部撰写数,15,陈可欣,中级,14,9,23
2026-05,腹部撰写数,15,陈可欣,中级,8,17,25
2026-06,腹部撰写数,15,陈可欣,中级,12,17,29
2026-07,腹部撰写数,15,陈可欣,中级,9,21,30
2024-08,腹部撰写数,16,曲莹莹,中级,2,0,2
2024-09,腹部撰写数,16,曲莹莹,中级,2,0,2
2024-10,腹部撰写数,16,曲莹莹,中级,4,0,4
2024-11,腹部撰写数,16,曲莹莹,中级,2,0,2
2024-12,腹部撰写数,16,曲莹莹,中级,5,0,5
2025-01,腹部撰写数,16,曲莹莹,中级,5,0,5
2025-02,腹部撰写数,16,曲莹莹,中级,1,0,1
2025-03,腹部撰写数,16,曲莹莹,中级,3,0,3
2025-04,腹部撰写数,16,曲莹莹,中级,2,0,2
2025-05,腹部撰写数,16,曲莹莹,中级,2,0,2
2025-06,腹部撰写数,16,曲莹莹,中级,9,0,9
2025-07,腹部撰写数,16,曲莹莹,中级,16,0,16
2025-08,腹部撰写数,16,曲莹莹,中级,11,1,12
2025-09,腹部撰写数,16,曲莹莹,中级,6,0,6
2025-10,腹部撰写数,16,曲莹莹,中级,15,0,15
2025-11,腹部撰写数,16,曲莹莹,中级,17,0,17
2025-12,腹部撰写数,16,曲莹莹,中级,10,0,10
2026-01,腹部撰写数,16,曲莹莹,中级,6,0,6
2026-02,腹部撰写数,16,曲莹莹,中级,5,0,5
2026-03,腹部撰写数,16,曲莹莹,中级,15,0,15
2026-04,腹部撰写数,16,曲莹莹,中级,12,0,12
2026-05,腹部撰写数,16,曲莹莹,中级,19,0,19
2026-06,腹部撰写数,16,曲莹莹,中级,12,0,12
2026-07,腹部撰写数,16,曲莹莹,中级,10,0,10
2024-07,腹部撰写数,17,陶琼瑶,中级,1,0,1
2024-08,腹部撰写数,17,陶琼瑶,中级,2,0,2
2024-09,腹部撰写数,17,陶琼瑶,中级,2,0,2
2024-10,腹部撰写数,17,陶琼瑶,中级,5,0,5
2024-12,腹部撰写数,17,陶琼瑶,中级,5,0,5
2025-01,腹部撰写数,17,陶琼瑶,中级,3,0,3
2025-02,腹部撰写数,17,陶琼瑶,中级,1,0,1
2025-03,腹部撰写数,17,陶琼瑶,中级,6,0,6
2025-04,腹部撰写数,17,陶琼瑶,中级,4,0,4
2025-05,腹部撰写数,17,陶琼瑶,中级,5,0,5
2025-06,腹部撰写数,17,陶琼瑶,中级,6,0,6
2025-07,腹部撰写数,17,陶琼瑶,中级,5,0,5
2025-08,腹部撰写数,17,陶琼瑶,中级,8,0,8
2025-09,腹部撰写数,17,陶琼瑶,中级,8,0,8
2025-10,腹部撰写数,17,陶琼瑶,中级,13,0,13
2025-11,腹部撰写数,17,陶琼瑶,中级,9,0,9
2025-12,腹部撰写数,17,陶琼瑶,中级,12,0,12
2026-01,腹部撰写数,17,陶琼瑶,中级,17,0,17
2026-02,腹部撰写数,17,陶琼瑶,中级,8,0,8
2026-03,腹部撰写数,17,陶琼瑶,中级,14,0,14
2026-04,腹部撰写数,17,陶琼瑶,中级,28,0,28
2026-05,腹部撰写数,17,陶琼瑶,中级,13,0,13
2026-06,腹部撰写数,17,陶琼瑶,中级,7,0,7
2026-01,腹部撰写数,18,马萌,初级,4,0,4
2026-02,腹部撰写数,18,马萌,初级,3,0,3
2026-03,腹部撰写数,18,马萌,初级,5,0,5
2026-04,腹部撰写数,18,马萌,初级,2,0,2
2026-05,腹部撰写数,18,马萌,初级,6,0,6
2026-06,腹部撰写数,18,马萌,初级,8,0,8
2026-07,腹部撰写数,18,马萌,初级,6,0,6
2024-10,腹部撰写数,20,李铭婕,中级,1,0,1
2024-11,腹部撰写数,20,李铭婕,中级,1,0,1
2024-12,腹部撰写数,20,李铭婕,中级,3,0,3
2025-01,腹部撰写数,20,李铭婕,中级,1,0,1
2025-02,腹部撰写数,20,李铭婕,中级,3,0,3
2025-03,腹部撰写数,20,李铭婕,中级,6,0,6
2025-04,腹部撰写数,20,李铭婕,中级,7,0,7
2025-05,腹部撰写数,20,李铭婕,中级,13,0,13
2025-06,腹部撰写数,20,李铭婕,中级,12,1,13
2025-07,腹部撰写数,20,李铭婕,中级,9,0,9
2025-08,腹部撰写数,20,李铭婕,中级,14,0,14
2025-09,腹部撰写数,20,李铭婕,中级,8,0,8
2025-10,腹部撰写数,20,李铭婕,中级,7,0,7
2025-11,腹部撰写数,20,李铭婕,中级,19,0,19
2025-12,腹部撰写数,20,李铭婕,中级,20,0,20
2026-01,腹部撰写数,20,李铭婕,中级,15,1,16
2026-02,腹部撰写数,20,李铭婕,中级,13,0,13
2026-03,腹部撰写数,20,李铭婕,中级,27,0,27
2026-04,腹部撰写数,20,李铭婕,中级,22,0,22
2026-05,腹部撰写数,20,李铭婕,中级,23,0,23
2026-06,腹部撰写数,20,李铭婕,中级,19,1,20
2026-07,腹部撰写数,20,李铭婕,中级,13,3,16
2026-02,腹部撰写数,21,王兆雪,初级,1,0,1
2026-03,腹部撰写数,21,王兆雪,初级,3,0,3
2026-04,腹部撰写数,21,王兆雪,初级,3,0,3
2026-05,腹部撰写数,21,王兆雪,初级,6,0,6
2026-06,腹部撰写数,21,王兆雪,初级,5,0,5
2026-07,腹部撰写数,21,王兆雪,初级,4,0,4
2025-12,腹部撰写数,22,冯军利,初级,1,0,1
2026-01,腹部撰写数,22,冯军利,初级,2,0,2
2026-02,腹部撰写数,22,冯军利,初级,6,0,6
2026-03,腹部撰写数,22,冯军利,初级,8,0,8
2026-04,腹部撰写数,22,冯军利,初级,2,0,2
2026-05,腹部撰写数,22,冯军利,初级,6,0,6
2026-06,腹部撰写数,22,冯军利,初级,7,0,7
2026-07,腹部撰写数,22,冯军利,初级,11,0,11
2026-01,腹部撰写数,23,张若邈,初级,2,0,2
2026-02,腹部撰写数,23,张若邈,初级,3,0,3
2026-03,腹部撰写数,23,张若邈,初级,1,0,1
2026-04,腹部撰写数,23,张若邈,初级,3,0,3
2026-05,腹部撰写数,23,张若邈,初级,2,0,2
2026-06,腹部撰写数,23,张若邈,初级,5,0,5
2026-07,腹部撰写数,23,张若邈,初级,5,0,5
2026-01,腹部撰写数,24,江蓝,初级,1,0,1
2026-02,腹部撰写数,24,江蓝,初级,5,0,5
2026-03,腹部撰写数,24,江蓝,初级,4,0,4
2026-04,腹部撰写数,24,江蓝,初级,3,0,3
2026-05,腹部撰写数,24,江蓝,初级,9,0,9
2026-06,腹部撰写数,24,江蓝,初级,4,0,4
2026-07,腹部撰写数,24,江蓝,初级,9,0,9
2026-05,腹部撰写数,25,刘坤,初级,1,0,1
2026-06,腹部撰写数,25,刘坤,初级,9,0,9
2026-07,腹部撰写数,25,刘坤,初级,12,0,12
2022-09,腹部撰写数,,于飞,未登记,2,0,2
2022-11,腹部撰写数,,于飞,未登记,1,0,1
2023-02,腹部撰写数,,于飞,未登记,2,0,2
2023-05,腹部撰写数,,于飞,未登记,1,0,1
2023-06,腹部撰写数,,于飞,未登记,1,0,1
2023-08,腹部撰写数,,于飞,未登记,2,0,2
2023-09,腹部撰写数,,于飞,未登记,2,0,2
2021-06,腹部撰写数,,傅梦竹,未登记,1,0,1
2021-08,腹部撰写数,,傅梦竹,未登记,0,1,1
2021-09,腹部撰写数,,傅梦竹,未登记,0,1,1
2021-12,腹部撰写数,,傅梦竹,未登记,1,0,1
2022-02,腹部撰写数,,傅梦竹,未登记,1,0,1
2022-03,腹部撰写数,,傅梦竹,未登记,1,1,2
2022-04,腹部撰写数,,傅梦竹,未登记,1,1,2
2022-05,腹部撰写数,,傅梦竹,未登记,0,2,2
2022-07,腹部撰写数,,傅梦竹,未登记,1,2,3
2022-08,腹部撰写数,,傅梦竹,未登记,0,1,1
2022-09,腹部撰写数,,傅梦竹,未登记,1,1,2
2022-10,腹部撰写数,,傅梦竹,未登记,0,2,2
2022-12,腹部撰写数,,傅梦竹,未登记,0,1,1
2023-01,腹部撰写数,,傅梦竹,未登记,0,2,2
2023-02,腹部撰写数,,傅梦竹,未登记,0,1,1
2023-03,腹部撰写数,,傅梦竹,未登记,0,1,1
2023-04,腹部撰写数,,傅梦竹,未登记,2,1,3
2023-05,腹部撰写数,,傅梦竹,未登记,1,4,5
2023-06,腹部撰写数,,傅梦竹,未登记,0,4,4
2023-07,腹部撰写数,,傅梦竹,未登记,1,1,2
2023-08,腹部撰写数,,傅梦竹,未登记,2,0,2
2023-09,腹部撰写数,,傅梦竹,未登记,2,0,2
2023-10,腹部撰写数,,傅梦竹,未登记,1,4,5
2023-11,腹部撰写数,,傅梦竹,未登记,1,4,5
2023-12,腹部撰写数,,傅梦竹,未登记,3,4,7
2024-01,腹部撰写数,,傅梦竹,未登记,0,5,5
2024-02,腹部撰写数,,傅梦竹,未登记,0,3,3
2024-03,腹部撰写数,,傅梦竹,未登记,0,6,6
2024-04,腹部撰写数,,傅梦竹,未登记,1,4,5
2024-05,腹部撰写数,,傅梦竹,未登记,0,4,4
2024-06,腹部撰写数,,傅梦竹,未登记,1,8,9
2024-08,腹部撰写数,,傅梦竹,未登记,2,1,3
2024-09,腹部撰写数,,傅梦竹,未登记,0,5,5
2024-10,腹部撰写数,,傅梦竹,未登记,0,3,3
2024-11,腹部撰写数,,傅梦竹,未登记,2,1,3
2026-05,腹部撰写数,,傅梦竹,未登记,0,10,10
2026-06,腹部撰写数,,傅梦竹,未登记,0,1,1
2026-07,腹部撰写数,,傅梦竹,未登记,3,4,7
2021-08,腹部撰写数,,刘冉,未登记,1,0,1
2021-10,腹部撰写数,,刘冉,未登记,1,0,1
2021-11,腹部撰写数,,刘冉,未登记,2,1,3
2022-01,腹部撰写数,,刘冉,未登记,0,2,2
2022-03,腹部撰写数,,刘冉,未登记,0,1,1
2022-04,腹部撰写数,,刘冉,未登记,1,1,2
2022-04,腹部撰写数,,吴凡,未登记,4,1,5
2022-05,腹部撰写数,,吴凡,未登记,1,0,1
2022-06,腹部撰写数,,吴凡,未登记,0,2,2
2022-07,腹部撰写数,,吴凡,未登记,3,0,3
2023-10,腹部撰写数,,张静,未登记,1,0,1
2023-11,腹部撰写数,,张静,未登记,1,0,1
2023-12,腹部撰写数,,张静,未登记,2,0,2
2024-01,腹部撰写数,,张静,未登记,4,0,4
2024-02,腹部撰写数,,张静,未登记,2,0,2
2024-03,腹部撰写数,,张静,未登记,1,0,1
2026-03,腹部撰写数,,彭涛,未登记,2,0,2
2026-04,腹部撰写数,,彭涛,未登记,11,0,11
2026-05,腹部撰写数,,彭涛,未登记,2,0,2
2026-06,腹部撰写数,,彭涛,未登记,9,0,9
2026-07,腹部撰写数,,彭涛,未登记,4,0,4
2022-04,腹部撰写数,,王佳尧,未登记,1,0,1
2021-08,腹部撰写数,,白鹤,未登记,0,1,1
2021-09,腹部撰写数,,白鹤,未登记,3,1,4
2021-10,腹部撰写数,,白鹤,未登记,0,2,2
2021-12,腹部撰写数,,白鹤,未登记,1,0,1
2022-01,腹部撰写数,,白鹤,未登记,1,0,1
2022-02,腹部撰写数,,白鹤,未登记,1,2,3
2022-03,腹部撰写数,,白鹤,未登记,0,1,1
2022-04,腹部撰写数,,白鹤,未登记,0,2,2
2022-05,腹部撰写数,,白鹤,未登记,0,2,2
2022-06,腹部撰写数,,白鹤,未登记,0,3,3
2022-07,腹部撰写数,,白鹤,未登记,0,2,2
2022-08,腹部撰写数,,白鹤,未登记,0,4,4
2022-09,腹部撰写数,,白鹤,未登记,0,2,2
2022-10,腹部撰写数,,白鹤,未登记,2,1,3
2022-11,腹部撰写数,,白鹤,未登记,1,0,1
2023-11,腹部撰写数,,郭瑞泽,未登记,5,0,5
2023-12,腹部撰写数,,郭瑞泽,未登记,5,0,5
2024-01,腹部撰写数,,郭瑞泽,未登记,4,0,4
2024-02,腹部撰写数,,郭瑞泽,未登记,2,0,2
2024-03,腹部撰写数,,郭瑞泽,未登记,2,0,2
2024-04,腹部撰写数,,郭瑞泽,未登记,3,0,3
2026-07,腹部撰写数,,马龙,未登记,4,0,4
2021-11,异宠撰写数,01,戴榕全,高级,1,0,1
2025-04,异宠撰写数,01,戴榕全,高级,3,0,3
2025-05,异宠撰写数,01,戴榕全,高级,1,0,1
2025-09,异宠撰写数,01,戴榕全,高级,1,0,1
2025-10,异宠撰写数,01,戴榕全,高级,2,0,2
2025-11,异宠撰写数,01,戴榕全,高级,1,0,1
2025-12,异宠撰写数,01,戴榕全,高级,1,3,4
2026-04,异宠撰写数,01,戴榕全,高级,0,2,2
2026-06,异宠撰写数,01,戴榕全,高级,0,2,2
2026-07,异宠撰写数,01,戴榕全,高级,0,1,1
2025-04,异宠撰写数,02,刘蕾,高级,1,0,1
2025-05,异宠撰写数,02,刘蕾,高级,1,0,1
2026-04,异宠撰写数,02,刘蕾,高级,0,1,1
2024-07,异宠撰写数,03,张博闻,高级,1,0,1
2025-02,异宠撰写数,03,张博闻,高级,1,0,1
2025-07,异宠撰写数,03,张博闻,高级,1,0,1
2025-08,异宠撰写数,03,张博闻,高级,1,0,1
2025-09,异宠撰写数,03,张博闻,高级,0,1,1
2025-11,异宠撰写数,03,张博闻,高级,1,0,1
2025-12,异宠撰写数,03,张博闻,高级,1,2,3
2026-01,异宠撰写数,03,张博闻,高级,1,0,1
2026-02,异宠撰写数,03,张博闻,高级,0,3,3
2026-03,异宠撰写数,03,张博闻,高级,0,1,1
2026-04,异宠撰写数,03,张博闻,高级,0,1,1
2026-05,异宠撰写数,03,张博闻,高级,0,4,4
2026-06,异宠撰写数,03,张博闻,高级,1,3,4
2024-09,异宠撰写数,04,白璐,高级,1,0,1
2025-05,异宠撰写数,04,白璐,高级,1,0,1
2025-07,异宠撰写数,04,白璐,高级,3,0,3
2025-08,异宠撰写数,04,白璐,高级,1,0,1
2025-12,异宠撰写数,04,白璐,高级,1,0,1
2026-05,异宠撰写数,04,白璐,高级,1,0,1
2026-06,异宠撰写数,04,白璐,高级,1,1,2
2026-07,异宠撰写数,04,白璐,高级,2,0,2
2024-11,异宠撰写数,05,周媛媛,高级,1,0,1
2024-12,异宠撰写数,05,周媛媛,高级,1,0,1
2026-04,异宠撰写数,05,周媛媛,高级,0,1,1
2021-08,异宠撰写数,06,曲艺,高级,1,1,2
2021-10,异宠撰写数,06,曲艺,高级,1,1,2
2021-11,异宠撰写数,06,曲艺,高级,0,1,1
2022-02,异宠撰写数,06,曲艺,高级,1,1,2
2023-05,异宠撰写数,06,曲艺,高级,0,1,1
2023-06,异宠撰写数,06,曲艺,高级,1,1,2
2023-09,异宠撰写数,06,曲艺,高级,1,1,2
2023-10,异宠撰写数,06,曲艺,高级,3,3,6
2023-11,异宠撰写数,06,曲艺,高级,6,8,14
2023-12,异宠撰写数,06,曲艺,高级,4,5,9
2024-01,异宠撰写数,06,曲艺,高级,4,9,13
2024-02,异宠撰写数,06,曲艺,高级,0,1,1
2024-03,异宠撰写数,06,曲艺,高级,2,3,5
2024-04,异宠撰写数,06,曲艺,高级,14,15,29
2024-05,异宠撰写数,06,曲艺,高级,15,17,32
2024-06,异宠撰写数,06,曲艺,高级,18,19,37
2024-07,异宠撰写数,06,曲艺,高级,10,12,22
2024-08,异宠撰写数,06,曲艺,高级,10,13,23
2024-09,异宠撰写数,06,曲艺,高级,9,12,21
2024-10,异宠撰写数,06,曲艺,高级,6,11,17
2024-11,异宠撰写数,06,曲艺,高级,5,16,21
2024-12,异宠撰写数,06,曲艺,高级,3,17,20
2025-01,异宠撰写数,06,曲艺,高级,4,11,15
2025-02,异宠撰写数,06,曲艺,高级,3,12,15
2025-03,异宠撰写数,06,曲艺,高级,6,25,31
2025-04,异宠撰写数,06,曲艺,高级,3,25,28
2025-05,异宠撰写数,06,曲艺,高级,6,28,34
2025-06,异宠撰写数,06,曲艺,高级,6,21,27
2025-07,异宠撰写数,06,曲艺,高级,2,22,24
2025-08,异宠撰写数,06,曲艺,高级,6,31,37
2025-09,异宠撰写数,06,曲艺,高级,3,30,33
2025-10,异宠撰写数,06,曲艺,高级,5,26,31
2025-11,异宠撰写数,06,曲艺,高级,5,19,24
2025-12,异宠撰写数,06,曲艺,高级,7,29,36
2026-01,异宠撰写数,06,曲艺,高级,8,30,38
2026-02,异宠撰写数,06,曲艺,高级,5,27,32
2026-03,异宠撰写数,06,曲艺,高级,10,34,44
2026-04,异宠撰写数,06,曲艺,高级,8,54,62
2026-05,异宠撰写数,06,曲艺,高级,10,43,53
2026-06,异宠撰写数,06,曲艺,高级,8,50,58
2026-07,异宠撰写数,06,曲艺,高级,15,63,78
2023-11,异宠撰写数,07,苏畅,高级,1,0,1
2024-03,异宠撰写数,07,苏畅,高级,2,0,2
2024-07,异宠撰写数,07,苏畅,高级,1,0,1
2024-09,异宠撰写数,07,苏畅,高级,1,0,1
2024-12,异宠撰写数,07,苏畅,高级,1,0,1
2025-05,异宠撰写数,07,苏畅,高级,0,1,1
2025-06,异宠撰写数,07,苏畅,高级,1,0,1
2025-07,异宠撰写数,07,苏畅,高级,3,0,3
2025-08,异宠撰写数,07,苏畅,高级,1,0,1
2025-09,异宠撰写数,07,苏畅,高级,2,0,2
2025-10,异宠撰写数,07,苏畅,高级,4,1,5
2025-11,异宠撰写数,07,苏畅,高级,1,6,7
2025-12,异宠撰写数,07,苏畅,高级,2,7,9
2026-01,异宠撰写数,07,苏畅,高级,2,10,12
2026-02,异宠撰写数,07,苏畅,高级,0,9,9
2026-03,异宠撰写数,07,苏畅,高级,1,5,6
2026-04,异宠撰写数,07,苏畅,高级,4,7,11
2026-05,异宠撰写数,07,苏畅,高级,0,6,6
2026-06,异宠撰写数,07,苏畅,高级,3,16,19
2026-07,异宠撰写数,07,苏畅,高级,0,6,6
2023-12,异宠撰写数,08,张志轩,高级,0,1,1
2024-01,异宠撰写数,08,张志轩,高级,2,0,2
2024-05,异宠撰写数,08,张志轩,高级,1,1,2
2025-03,异宠撰写数,08,张志轩,高级,1,0,1
2025-12,异宠撰写数,08,张志轩,高级,2,0,2
2026-01,异宠撰写数,08,张志轩,高级,1,0,1
2026-02,异宠撰写数,08,张志轩,高级,1,0,1
2026-04,异宠撰写数,08,张志轩,高级,1,0,1
2026-05,异宠撰写数,08,张志轩,高级,0,1,1
2024-11,异宠撰写数,09,邝怡,高级,1,0,1
2024-12,异宠撰写数,09,邝怡,高级,1,0,1
2025-02,异宠撰写数,09,邝怡,高级,1,0,1
2025-03,异宠撰写数,09,邝怡,高级,1,0,1
2025-05,异宠撰写数,09,邝怡,高级,1,0,1
2025-12,异宠撰写数,09,邝怡,高级,1,0,1
2026-01,异宠撰写数,09,邝怡,高级,2,0,2
2026-02,异宠撰写数,09,邝怡,高级,2,0,2
2026-04,异宠撰写数,09,邝怡,高级,1,0,1
2024-11,异宠撰写数,10,吴璇,高级,1,0,1
2025-03,异宠撰写数,10,吴璇,高级,1,0,1
2025-12,异宠撰写数,10,吴璇,高级,0,1,1
2026-04,异宠撰写数,10,吴璇,高级,1,0,1
2026-06,异宠撰写数,10,吴璇,高级,1,0,1
2024-11,异宠撰写数,11,张秋梅,中级,1,0,1
2025-01,异宠撰写数,11,张秋梅,中级,2,0,2
2025-03,异宠撰写数,11,张秋梅,中级,3,0,3
2025-04,异宠撰写数,11,张秋梅,中级,1,0,1
2025-05,异宠撰写数,11,张秋梅,中级,3,0,3
2025-06,异宠撰写数,11,张秋梅,中级,1,0,1
2025-08,异宠撰写数,11,张秋梅,中级,3,0,3
2025-09,异宠撰写数,11,张秋梅,中级,4,0,4
2025-11,异宠撰写数,11,张秋梅,中级,4,0,4
2025-12,异宠撰写数,11,张秋梅,中级,2,0,2
2026-01,异宠撰写数,11,张秋梅,中级,5,0,5
2026-02,异宠撰写数,11,张秋梅,中级,1,0,1
2026-03,异宠撰写数,11,张秋梅,中级,4,0,4
2026-04,异宠撰写数,11,张秋梅,中级,5,0,5
2026-05,异宠撰写数,11,张秋梅,中级,2,0,2
2026-06,异宠撰写数,11,张秋梅,中级,13,0,13
2026-07,异宠撰写数,11,张秋梅,中级,4,0,4
2024-12,异宠撰写数,12,刘慜思,中级,1,0,1
2025-01,异宠撰写数,12,刘慜思,中级,1,0,1
2025-03,异宠撰写数,12,刘慜思,中级,1,0,1
2025-04,异宠撰写数,12,刘慜思,中级,8,1,9
2025-05,异宠撰写数,12,刘慜思,中级,2,0,2
2025-06,异宠撰写数,12,刘慜思,中级,3,0,3
2025-07,异宠撰写数,12,刘慜思,中级,1,0,1
2025-08,异宠撰写数,12,刘慜思,中级,1,0,1
2025-09,异宠撰写数,12,刘慜思,中级,1,0,1
2025-10,异宠撰写数,12,刘慜思,中级,3,0,3
2025-11,异宠撰写数,12,刘慜思,中级,1,0,1
2025-12,异宠撰写数,12,刘慜思,中级,9,0,9
2026-01,异宠撰写数,12,刘慜思,中级,3,0,3
2026-02,异宠撰写数,12,刘慜思,中级,2,0,2
2026-03,异宠撰写数,12,刘慜思,中级,3,0,3
2026-04,异宠撰写数,12,刘慜思,中级,6,0,6
2026-05,异宠撰写数,12,刘慜思,中级,6,0,6
2026-06,异宠撰写数,12,刘慜思,中级,4,0,4
2026-07,异宠撰写数,12,刘慜思,中级,3,0,3
2023-05,异宠撰写数,13,康博,其它,1,0,1
2024-08,异宠撰写数,13,康博,其它,3,0,3
2024-09,异宠撰写数,13,康博,其它,1,0,1
2024-11,异宠撰写数,13,康博,其它,1,0,1
2024-12,异宠撰写数,13,康博,其它,1,0,1
2025-02,异宠撰写数,13,康博,其它,1,0,1
2025-03,异宠撰写数,13,康博,其它,2,0,2
2025-04,异宠撰写数,13,康博,其它,1,0,1
2025-05,异宠撰写数,13,康博,其它,1,0,1
2025-06,异宠撰写数,13,康博,其它,2,0,2
2025-08,异宠撰写数,13,康博,其它,2,0,2
2025-09,异宠撰写数,13,康博,其它,1,0,1
2025-11,异宠撰写数,13,康博,其它,1,0,1
2025-12,异宠撰写数,13,康博,其它,1,0,1
2026-02,异宠撰写数,13,康博,其它,3,0,3
2026-03,异宠撰写数,13,康博,其它,5,0,5
2026-04,异宠撰写数,13,康博,其它,3,0,3
2026-06,异宠撰写数,13,康博,其它,1,0,1
2026-07,异宠撰写数,13,康博,其它,5,0,5
2023-12,异宠撰写数,14,简乐诗,中级,1,0,1
2024-05,异宠撰写数,14,简乐诗,中级,1,1,2
2024-10,异宠撰写数,14,简乐诗,中级,2,0,2
2024-11,异宠撰写数,14,简乐诗,中级,3,0,3
2025-02,异宠撰写数,14,简乐诗,中级,2,0,2
2025-03,异宠撰写数,14,简乐诗,中级,2,0,2
2025-04,异宠撰写数,14,简乐诗,中级,1,0,1
2025-05,异宠撰写数,14,简乐诗,中级,2,0,2
2025-07,异宠撰写数,14,简乐诗,中级,1,0,1
2025-08,异宠撰写数,14,简乐诗,中级,1,0,1
2025-09,异宠撰写数,14,简乐诗,中级,5,0,5
2025-10,异宠撰写数,14,简乐诗,中级,2,0,2
2025-11,异宠撰写数,14,简乐诗,中级,2,0,2
2025-12,异宠撰写数,14,简乐诗,中级,2,0,2
2026-01,异宠撰写数,14,简乐诗,中级,5,0,5
2026-02,异宠撰写数,14,简乐诗,中级,4,0,4
2026-03,异宠撰写数,14,简乐诗,中级,3,0,3
2026-04,异宠撰写数,14,简乐诗,中级,8,0,8
2026-05,异宠撰写数,14,简乐诗,中级,5,0,5
2026-06,异宠撰写数,14,简乐诗,中级,8,0,8
2026-07,异宠撰写数,14,简乐诗,中级,7,0,7
2024-04,异宠撰写数,15,陈可欣,中级,1,1,2
2024-06,异宠撰写数,15,陈可欣,中级,1,1,2
2024-11,异宠撰写数,15,陈可欣,中级,1,0,1
2024-12,异宠撰写数,15,陈可欣,中级,2,0,2
2025-03,异宠撰写数,15,陈可欣,中级,1,0,1
2025-04,异宠撰写数,15,陈可欣,中级,4,0,4
2025-05,异宠撰写数,15,陈可欣,中级,1,0,1
2025-06,异宠撰写数,15,陈可欣,中级,3,0,3
2025-08,异宠撰写数,15,陈可欣,中级,1,0,1
2025-09,异宠撰写数,15,陈可欣,中级,4,0,4
2025-12,异宠撰写数,15,陈可欣,中级,4,0,4
2026-01,异宠撰写数,15,陈可欣,中级,2,0,2
2026-02,异宠撰写数,15,陈可欣,中级,9,0,9
2026-04,异宠撰写数,15,陈可欣,中级,6,0,6
2026-05,异宠撰写数,15,陈可欣,中级,8,0,8
2026-06,异宠撰写数,15,陈可欣,中级,5,0,5
2026-07,异宠撰写数,15,陈可欣,中级,12,0,12
2024-12,异宠撰写数,16,曲莹莹,中级,1,0,1
2025-01,异宠撰写数,16,曲莹莹,中级,2,0,2
2025-03,异宠撰写数,16,曲莹莹,中级,2,0,2
2025-04,异宠撰写数,16,曲莹莹,中级,2,0,2
2025-05,异宠撰写数,16,曲莹莹,中级,2,0,2
2025-06,异宠撰写数,16,曲莹莹,中级,1,0,1
2025-07,异宠撰写数,16,曲莹莹,中级,6,0,6
2025-08,异宠撰写数,16,曲莹莹,中级,7,0,7
2025-09,异宠撰写数,16,曲莹莹,中级,4,0,4
2025-10,异宠撰写数,16,曲莹莹,中级,5,0,5
2025-11,异宠撰写数,16,曲莹莹,中级,6,0,6
2026-01,异宠撰写数,16,曲莹莹,中级,4,0,4
2026-02,异宠撰写数,16,曲莹莹,中级,2,0,2
2026-03,异宠撰写数,16,曲莹莹,中级,1,0,1
2026-04,异宠撰写数,16,曲莹莹,中级,1,0,1
2026-05,异宠撰写数,16,曲莹莹,中级,4,0,4
2026-06,异宠撰写数,16,曲莹莹,中级,3,0,3
2026-07,异宠撰写数,16,曲莹莹,中级,1,0,1
2024-10,异宠撰写数,17,陶琼瑶,中级,3,0,3
2024-11,异宠撰写数,17,陶琼瑶,中级,1,0,1
2024-12,异宠撰写数,17,陶琼瑶,中级,4,0,4
2025-01,异宠撰写数,17,陶琼瑶,中级,2,0,2
2025-02,异宠撰写数,17,陶琼瑶,中级,2,0,2
2025-03,异宠撰写数,17,陶琼瑶,中级,2,0,2
2025-04,异宠撰写数,17,陶琼瑶,中级,2,0,2
2025-05,异宠撰写数,17,陶琼瑶,中级,4,0,4
2025-06,异宠撰写数,17,陶琼瑶,中级,2,0,2
2025-08,异宠撰写数,17,陶琼瑶,中级,4,0,4
2025-09,异宠撰写数,17,陶琼瑶,中级,5,0,5
2025-10,异宠撰写数,17,陶琼瑶,中级,5,0,5
2025-11,异宠撰写数,17,陶琼瑶,中级,2,0,2
2025-12,异宠撰写数,17,陶琼瑶,中级,4,0,4
2026-01,异宠撰写数,17,陶琼瑶,中级,4,0,4
2026-02,异宠撰写数,17,陶琼瑶,中级,5,0,5
2026-03,异宠撰写数,17,陶琼瑶,中级,6,0,6
2026-04,异宠撰写数,17,陶琼瑶,中级,14,0,14
2026-05,异宠撰写数,17,陶琼瑶,中级,9,0,9
2026-06,异宠撰写数,17,陶琼瑶,中级,11,0,11
2026-07,异宠撰写数,18,马萌,初级,3,0,3
2024-11,异宠撰写数,20,李铭婕,中级,1,0,1
2024-12,异宠撰写数,20,李铭婕,中级,3,0,3
2025-02,异宠撰写数,20,李铭婕,中级,2,0,2
2025-03,异宠撰写数,20,李铭婕,中级,3,0,3
2025-05,异宠撰写数,20,李铭婕,中级,5,0,5
2025-06,异宠撰写数,20,李铭婕,中级,2,0,2
2025-07,异宠撰写数,20,李铭婕,中级,5,0,5
2025-08,异宠撰写数,20,李铭婕,中级,4,1,5
2025-09,异宠撰写数,20,李铭婕,中级,1,0,1
2025-10,异宠撰写数,20,李铭婕,中级,1,0,1
2025-11,异宠撰写数,20,李铭婕,中级,1,0,1
2025-12,异宠撰写数,20,李铭婕,中级,4,0,4
2026-01,异宠撰写数,20,李铭婕,中级,2,0,2
2026-02,异宠撰写数,20,李铭婕,中级,1,0,1
2026-03,异宠撰写数,20,李铭婕,中级,3,0,3
2026-04,异宠撰写数,20,李铭婕,中级,7,0,7
2026-05,异宠撰写数,20,李铭婕,中级,3,0,3
2026-06,异宠撰写数,20,李铭婕,中级,7,0,7
2026-07,异宠撰写数,20,李铭婕,中级,2,0,2
2026-02,异宠撰写数,21,王兆雪,初级,2,0,2
2026-05,异宠撰写数,21,王兆雪,初级,2,0,2
2026-06,异宠撰写数,22,冯军利,初级,1,0,1
2026-07,异宠撰写数,22,冯军利,初级,1,0,1
2026-06,异宠撰写数,23,张若邈,初级,1,0,1
2026-07,异宠撰写数,23,张若邈,初级,1,0,1
2025-12,异宠撰写数,24,江蓝,初级,1,0,1
2026-01,异宠撰写数,24,江蓝,初级,1,0,1
2026-02,异宠撰写数,24,江蓝,初级,2,0,2
2026-03,异宠撰写数,24,江蓝,初级,4,0,4
2026-04,异宠撰写数,24,江蓝,初级,1,0,1
2026-05,异宠撰写数,24,江蓝,初级,3,0,3
2026-07,异宠撰写数,24,江蓝,初级,7,0,7
2026-06,异宠撰写数,25,刘坤,初级,3,0,3
2026-07,异宠撰写数,25,刘坤,初级,7,0,7
2026-04,异宠撰写数,,彭涛,未登记,2,0,2
2026-05,异宠撰写数,,彭涛,未登记,1,0,1
2026-06,异宠撰写数,,彭涛,未登记,2,0,2
2024-05,异宠撰写数,,马析淳,未登记,2,0,2
2024-06,异宠撰写数,,马析淳,未登记,1,0,1
2021-05,CT报告、审核总数,01,戴榕全,高级,2,1,3
2021-07,CT报告、审核总数,01,戴榕全,高级,1,0,1
2021-08,CT报告、审核总数,01,戴榕全,高级,2,2,4
2021-09,CT报告、审核总数,01,戴榕全,高级,2,1,3
2021-10,CT报告、审核总数,01,戴榕全,高级,2,1,3
2021-11,CT报告、审核总数,01,戴榕全,高级,9,1,10
2021-12,CT报告、审核总数,01,戴榕全,高级,0,1,1
2022-01,CT报告、审核总数,01,戴榕全,高级,4,4,8
2022-02,CT报告、审核总数,01,戴榕全,高级,3,6,9
2022-03,CT报告、审核总数,01,戴榕全,高级,2,3,5
2022-04,CT报告、审核总数,01,戴榕全,高级,3,6,9
2022-05,CT报告、审核总数,01,戴榕全,高级,2,7,9
2022-06,CT报告、审核总数,01,戴榕全,高级,4,4,8
2022-07,CT报告、审核总数,01,戴榕全,高级,6,9,15
2022-08,CT报告、审核总数,01,戴榕全,高级,3,3,6
2022-09,CT报告、审核总数,01,戴榕全,高级,2,4,6
2022-10,CT报告、审核总数,01,戴榕全,高级,2,3,5
2022-11,CT报告、审核总数,01,戴榕全,高级,3,4,7
2023-01,CT报告、审核总数,01,戴榕全,高级,1,2,3
2023-02,CT报告、审核总数,01,戴榕全,高级,2,3,5
2023-03,CT报告、审核总数,01,戴榕全,高级,2,6,8
2023-04,CT报告、审核总数,01,戴榕全,高级,1,6,7
2023-05,CT报告、审核总数,01,戴榕全,高级,4,6,10
2023-06,CT报告、审核总数,01,戴榕全,高级,2,11,13
2023-07,CT报告、审核总数,01,戴榕全,高级,0,6,6
2023-08,CT报告、审核总数,01,戴榕全,高级,2,1,3
2023-09,CT报告、审核总数,01,戴榕全,高级,4,11,15
2023-10,CT报告、审核总数,01,戴榕全,高级,4,15,19
2023-11,CT报告、审核总数,01,戴榕全,高级,5,28,33
2023-12,CT报告、审核总数,01,戴榕全,高级,4,19,23
2024-01,CT报告、审核总数,01,戴榕全,高级,11,34,45
2024-02,CT报告、审核总数,01,戴榕全,高级,4,21,25
2024-03,CT报告、审核总数,01,戴榕全,高级,3,13,16
2024-04,CT报告、审核总数,01,戴榕全,高级,13,47,60
2024-05,CT报告、审核总数,01,戴榕全,高级,8,26,34
2024-06,CT报告、审核总数,01,戴榕全,高级,2,21,23
2024-07,CT报告、审核总数,01,戴榕全,高级,5,23,28
2024-08,CT报告、审核总数,01,戴榕全,高级,1,13,14
2024-09,CT报告、审核总数,01,戴榕全,高级,10,26,36
2024-10,CT报告、审核总数,01,戴榕全,高级,7,29,36
2024-11,CT报告、审核总数,01,戴榕全,高级,11,27,38
2024-12,CT报告、审核总数,01,戴榕全,高级,4,39,43
2025-01,CT报告、审核总数,01,戴榕全,高级,6,21,27
2025-02,CT报告、审核总数,01,戴榕全,高级,3,15,18
2025-03,CT报告、审核总数,01,戴榕全,高级,1,28,29
2025-04,CT报告、审核总数,01,戴榕全,高级,7,21,28
2025-05,CT报告、审核总数,01,戴榕全,高级,16,56,72
2025-06,CT报告、审核总数,01,戴榕全,高级,12,32,44
2025-07,CT报告、审核总数,01,戴榕全,高级,2,31,33
2025-08,CT报告、审核总数,01,戴榕全,高级,12,34,46
2025-09,CT报告、审核总数,01,戴榕全,高级,15,64,79
2025-10,CT报告、审核总数,01,戴榕全,高级,5,26,31
2025-11,CT报告、审核总数,01,戴榕全,高级,6,65,71
2025-12,CT报告、审核总数,01,戴榕全,高级,11,64,75
2026-01,CT报告、审核总数,01,戴榕全,高级,11,70,81
2026-02,CT报告、审核总数,01,戴榕全,高级,5,40,45
2026-03,CT报告、审核总数,01,戴榕全,高级,14,56,70
2026-04,CT报告、审核总数,01,戴榕全,高级,10,68,78
2026-05,CT报告、审核总数,01,戴榕全,高级,6,71,77
2026-06,CT报告、审核总数,01,戴榕全,高级,6,109,115
2026-07,CT报告、审核总数,01,戴榕全,高级,17,94,111
2007-07,CT报告、审核总数,02,刘蕾,高级,1,0,1
2021-05,CT报告、审核总数,02,刘蕾,高级,1,2,3
2021-06,CT报告、审核总数,02,刘蕾,高级,0,1,1
2021-07,CT报告、审核总数,02,刘蕾,高级,0,2,2
2021-08,CT报告、审核总数,02,刘蕾,高级,4,2,6
2021-09,CT报告、审核总数,02,刘蕾,高级,2,0,2
2021-10,CT报告、审核总数,02,刘蕾,高级,2,1,3
2021-11,CT报告、审核总数,02,刘蕾,高级,0,3,3
2022-01,CT报告、审核总数,02,刘蕾,高级,3,1,4
2022-02,CT报告、审核总数,02,刘蕾,高级,2,5,7
2022-03,CT报告、审核总数,02,刘蕾,高级,2,0,2
2022-04,CT报告、审核总数,02,刘蕾,高级,1,7,8
2022-05,CT报告、审核总数,02,刘蕾,高级,1,5,6
2022-06,CT报告、审核总数,02,刘蕾,高级,4,8,12
2022-07,CT报告、审核总数,02,刘蕾,高级,4,2,6
2022-08,CT报告、审核总数,02,刘蕾,高级,1,0,1
2022-09,CT报告、审核总数,02,刘蕾,高级,1,2,3
2022-10,CT报告、审核总数,02,刘蕾,高级,1,0,1
2022-11,CT报告、审核总数,02,刘蕾,高级,0,1,1
2022-12,CT报告、审核总数,02,刘蕾,高级,0,2,2
2023-01,CT报告、审核总数,02,刘蕾,高级,2,3,5
2023-02,CT报告、审核总数,02,刘蕾,高级,0,1,1
2023-03,CT报告、审核总数,02,刘蕾,高级,1,0,1
2023-04,CT报告、审核总数,02,刘蕾,高级,0,1,1
2023-05,CT报告、审核总数,02,刘蕾,高级,0,4,4
2023-06,CT报告、审核总数,02,刘蕾,高级,1,5,6
2023-08,CT报告、审核总数,02,刘蕾,高级,1,6,7
2023-09,CT报告、审核总数,02,刘蕾,高级,0,4,4
2023-10,CT报告、审核总数,02,刘蕾,高级,2,15,17
2023-11,CT报告、审核总数,02,刘蕾,高级,2,13,15
2023-12,CT报告、审核总数,02,刘蕾,高级,4,14,18
2024-01,CT报告、审核总数,02,刘蕾,高级,2,16,18
2024-02,CT报告、审核总数,02,刘蕾,高级,1,4,5
2024-03,CT报告、审核总数,02,刘蕾,高级,4,14,18
2024-04,CT报告、审核总数,02,刘蕾,高级,0,2,2
2024-05,CT报告、审核总数,02,刘蕾,高级,1,9,10
2024-06,CT报告、审核总数,02,刘蕾,高级,4,22,26
2024-07,CT报告、审核总数,02,刘蕾,高级,7,23,30
2024-08,CT报告、审核总数,02,刘蕾,高级,5,12,17
2024-09,CT报告、审核总数,02,刘蕾,高级,10,24,34
2024-10,CT报告、审核总数,02,刘蕾,高级,4,19,23
2024-11,CT报告、审核总数,02,刘蕾,高级,7,18,25
2024-12,CT报告、审核总数,02,刘蕾,高级,4,8,12
2025-01,CT报告、审核总数,02,刘蕾,高级,0,12,12
2025-02,CT报告、审核总数,02,刘蕾,高级,3,19,22
2025-03,CT报告、审核总数,02,刘蕾,高级,9,28,37
2025-04,CT报告、审核总数,02,刘蕾,高级,12,42,54
2025-05,CT报告、审核总数,02,刘蕾,高级,4,30,34
2025-06,CT报告、审核总数,02,刘蕾,高级,10,29,39
2025-07,CT报告、审核总数,02,刘蕾,高级,7,30,37
2025-08,CT报告、审核总数,02,刘蕾,高级,12,37,49
2025-09,CT报告、审核总数,02,刘蕾,高级,11,43,54
2025-10,CT报告、审核总数,02,刘蕾,高级,17,51,68
2025-11,CT报告、审核总数,02,刘蕾,高级,5,27,32
2025-12,CT报告、审核总数,02,刘蕾,高级,17,51,68
2026-01,CT报告、审核总数,02,刘蕾,高级,3,31,34
2026-02,CT报告、审核总数,02,刘蕾,高级,3,35,38
2026-03,CT报告、审核总数,02,刘蕾,高级,4,18,22
2026-04,CT报告、审核总数,02,刘蕾,高级,6,28,34
2026-05,CT报告、审核总数,02,刘蕾,高级,4,44,48
2026-06,CT报告、审核总数,02,刘蕾,高级,5,50,55
2026-07,CT报告、审核总数,02,刘蕾,高级,8,52,60
2021-08,CT报告、审核总数,03,张博闻,高级,0,2,2
2021-09,CT报告、审核总数,03,张博闻,高级,2,4,6
2021-10,CT报告、审核总数,03,张博闻,高级,1,3,4
2021-11,CT报告、审核总数,03,张博闻,高级,1,3,4
2021-12,CT报告、审核总数,03,张博闻,高级,0,1,1
2022-01,CT报告、审核总数,03,张博闻,高级,4,2,6
2022-02,CT报告、审核总数,03,张博闻,高级,2,2,4
2022-03,CT报告、审核总数,03,张博闻,高级,6,3,9
2022-04,CT报告、审核总数,03,张博闻,高级,1,5,6
2022-05,CT报告、审核总数,03,张博闻,高级,1,2,3
2022-06,CT报告、审核总数,03,张博闻,高级,1,5,6
2022-07,CT报告、审核总数,03,张博闻,高级,0,3,3
2022-08,CT报告、审核总数,03,张博闻,高级,2,3,5
2022-09,CT报告、审核总数,03,张博闻,高级,1,1,2
2022-10,CT报告、审核总数,03,张博闻,高级,0,2,2
2022-11,CT报告、审核总数,03,张博闻,高级,2,6,8
2022-12,CT报告、审核总数,03,张博闻,高级,1,1,2
2023-01,CT报告、审核总数,03,张博闻,高级,1,1,2
2023-02,CT报告、审核总数,03,张博闻,高级,1,0,1
2023-03,CT报告、审核总数,03,张博闻,高级,1,1,2
2023-04,CT报告、审核总数,03,张博闻,高级,2,2,4
2023-05,CT报告、审核总数,03,张博闻,高级,1,1,2
2023-06,CT报告、审核总数,03,张博闻,高级,2,2,4
2023-07,CT报告、审核总数,03,张博闻,高级,3,4,7
2023-08,CT报告、审核总数,03,张博闻,高级,3,8,11
2023-09,CT报告、审核总数,03,张博闻,高级,4,5,9
2023-10,CT报告、审核总数,03,张博闻,高级,5,41,46
2023-11,CT报告、审核总数,03,张博闻,高级,10,18,28
2023-12,CT报告、审核总数,03,张博闻,高级,8,23,31
2024-01,CT报告、审核总数,03,张博闻,高级,5,11,16
2024-02,CT报告、审核总数,03,张博闻,高级,9,14,23
2024-03,CT报告、审核总数,03,张博闻,高级,18,26,44
2024-04,CT报告、审核总数,03,张博闻,高级,24,32,56
2024-05,CT报告、审核总数,03,张博闻,高级,18,28,46
2024-06,CT报告、审核总数,03,张博闻,高级,13,29,42
2024-07,CT报告、审核总数,03,张博闻,高级,5,19,24
2024-08,CT报告、审核总数,03,张博闻,高级,8,25,33
2024-09,CT报告、审核总数,03,张博闻,高级,7,18,25
2024-10,CT报告、审核总数,03,张博闻,高级,14,37,51
2024-11,CT报告、审核总数,03,张博闻,高级,16,37,53
2024-12,CT报告、审核总数,03,张博闻,高级,6,45,51
2025-01,CT报告、审核总数,03,张博闻,高级,4,20,24
2025-02,CT报告、审核总数,03,张博闻,高级,6,16,22
2025-03,CT报告、审核总数,03,张博闻,高级,2,38,40
2025-04,CT报告、审核总数,03,张博闻,高级,6,43,49
2025-05,CT报告、审核总数,03,张博闻,高级,4,36,40
2025-06,CT报告、审核总数,03,张博闻,高级,9,40,49
2025-07,CT报告、审核总数,03,张博闻,高级,2,24,26
2025-08,CT报告、审核总数,03,张博闻,高级,4,58,62
2025-09,CT报告、审核总数,03,张博闻,高级,6,32,38
2025-10,CT报告、审核总数,03,张博闻,高级,12,96,108
2025-11,CT报告、审核总数,03,张博闻,高级,12,31,43
2025-12,CT报告、审核总数,03,张博闻,高级,28,39,67
2026-01,CT报告、审核总数,03,张博闻,高级,17,58,75
2026-02,CT报告、审核总数,03,张博闻,高级,17,54,71
2026-03,CT报告、审核总数,03,张博闻,高级,3,34,37
2026-04,CT报告、审核总数,03,张博闻,高级,3,65,68
2026-05,CT报告、审核总数,03,张博闻,高级,7,68,75
2026-06,CT报告、审核总数,03,张博闻,高级,11,47,58
2026-07,CT报告、审核总数,03,张博闻,高级,11,43,54
2014-09,CT报告、审核总数,04,白璐,高级,0,1,1
2021-08,CT报告、审核总数,04,白璐,高级,2,0,2
2021-09,CT报告、审核总数,04,白璐,高级,1,0,1
2021-11,CT报告、审核总数,04,白璐,高级,1,0,1
2022-01,CT报告、审核总数,04,白璐,高级,0,3,3
2022-02,CT报告、审核总数,04,白璐,高级,2,1,3
2022-03,CT报告、审核总数,04,白璐,高级,3,4,7
2022-04,CT报告、审核总数,04,白璐,高级,2,5,7
2022-05,CT报告、审核总数,04,白璐,高级,1,3,4
2022-06,CT报告、审核总数,04,白璐,高级,0,1,1
2022-07,CT报告、审核总数,04,白璐,高级,3,9,12
2022-08,CT报告、审核总数,04,白璐,高级,2,3,5
2022-09,CT报告、审核总数,04,白璐,高级,1,5,6
2022-10,CT报告、审核总数,04,白璐,高级,4,1,5
2022-11,CT报告、审核总数,04,白璐,高级,3,3,6
2022-12,CT报告、审核总数,04,白璐,高级,1,1,2
2023-01,CT报告、审核总数,04,白璐,高级,2,4,6
2023-02,CT报告、审核总数,04,白璐,高级,0,1,1
2023-03,CT报告、审核总数,04,白璐,高级,2,2,4
2023-04,CT报告、审核总数,04,白璐,高级,2,3,5
2023-05,CT报告、审核总数,04,白璐,高级,0,2,2
2023-06,CT报告、审核总数,04,白璐,高级,3,5,8
2023-07,CT报告、审核总数,04,白璐,高级,1,3,4
2023-08,CT报告、审核总数,04,白璐,高级,0,4,4
2023-09,CT报告、审核总数,04,白璐,高级,0,4,4
2023-10,CT报告、审核总数,04,白璐,高级,3,10,13
2023-11,CT报告、审核总数,04,白璐,高级,12,21,33
2023-12,CT报告、审核总数,04,白璐,高级,4,25,29
2024-01,CT报告、审核总数,04,白璐,高级,1,11,12
2024-02,CT报告、审核总数,04,白璐,高级,3,17,20
2024-03,CT报告、审核总数,04,白璐,高级,4,23,27
2024-04,CT报告、审核总数,04,白璐,高级,12,23,35
2024-05,CT报告、审核总数,04,白璐,高级,25,31,56
2024-06,CT报告、审核总数,04,白璐,高级,19,33,52
2024-07,CT报告、审核总数,04,白璐,高级,19,24,43
2024-08,CT报告、审核总数,04,白璐,高级,12,23,35
2024-09,CT报告、审核总数,04,白璐,高级,15,34,49
2024-10,CT报告、审核总数,04,白璐,高级,10,33,43
2024-11,CT报告、审核总数,04,白璐,高级,14,38,52
2024-12,CT报告、审核总数,04,白璐,高级,7,36,43
2025-01,CT报告、审核总数,04,白璐,高级,3,24,27
2025-02,CT报告、审核总数,04,白璐,高级,8,47,55
2025-03,CT报告、审核总数,04,白璐,高级,19,40,59
2025-04,CT报告、审核总数,04,白璐,高级,10,38,48
2025-05,CT报告、审核总数,04,白璐,高级,19,47,66
2025-06,CT报告、审核总数,04,白璐,高级,9,31,40
2025-07,CT报告、审核总数,04,白璐,高级,36,61,97
2025-08,CT报告、审核总数,04,白璐,高级,19,61,80
2025-09,CT报告、审核总数,04,白璐,高级,15,39,54
2025-10,CT报告、审核总数,04,白璐,高级,27,61,88
2025-11,CT报告、审核总数,04,白璐,高级,19,78,97
2025-12,CT报告、审核总数,04,白璐,高级,26,64,90
2026-01,CT报告、审核总数,04,白璐,高级,24,77,101
2026-02,CT报告、审核总数,04,白璐,高级,9,32,41
2026-03,CT报告、审核总数,04,白璐,高级,11,58,69
2026-04,CT报告、审核总数,04,白璐,高级,12,61,73
2026-05,CT报告、审核总数,04,白璐,高级,28,121,149
2026-06,CT报告、审核总数,04,白璐,高级,18,69,87
2026-07,CT报告、审核总数,04,白璐,高级,20,57,77
2014-09,CT报告、审核总数,05,周媛媛,高级,1,0,1
2021-12,CT报告、审核总数,05,周媛媛,高级,0,1,1
2022-04,CT报告、审核总数,05,周媛媛,高级,1,1,2
2022-06,CT报告、审核总数,05,周媛媛,高级,5,1,6
2022-07,CT报告、审核总数,05,周媛媛,高级,3,3,6
2022-08,CT报告、审核总数,05,周媛媛,高级,2,1,3
2022-10,CT报告、审核总数,05,周媛媛,高级,0,1,1
2022-11,CT报告、审核总数,05,周媛媛,高级,2,4,6
2022-12,CT报告、审核总数,05,周媛媛,高级,0,1,1
2023-01,CT报告、审核总数,05,周媛媛,高级,1,0,1
2023-03,CT报告、审核总数,05,周媛媛,高级,2,1,3
2023-04,CT报告、审核总数,05,周媛媛,高级,1,2,3
2023-05,CT报告、审核总数,05,周媛媛,高级,1,7,8
2023-06,CT报告、审核总数,05,周媛媛,高级,2,4,6
2023-07,CT报告、审核总数,05,周媛媛,高级,2,5,7
2023-08,CT报告、审核总数,05,周媛媛,高级,0,2,2
2023-11,CT报告、审核总数,05,周媛媛,高级,0,6,6
2023-12,CT报告、审核总数,05,周媛媛,高级,10,10,20
2024-01,CT报告、审核总数,05,周媛媛,高级,21,17,38
2024-02,CT报告、审核总数,05,周媛媛,高级,5,14,19
2024-03,CT报告、审核总数,05,周媛媛,高级,28,38,66
2024-04,CT报告、审核总数,05,周媛媛,高级,19,34,53
2024-05,CT报告、审核总数,05,周媛媛,高级,8,28,36
2024-06,CT报告、审核总数,05,周媛媛,高级,7,27,34
2024-07,CT报告、审核总数,05,周媛媛,高级,8,31,39
2024-08,CT报告、审核总数,05,周媛媛,高级,12,28,40
2024-09,CT报告、审核总数,05,周媛媛,高级,10,31,41
2024-10,CT报告、审核总数,05,周媛媛,高级,14,34,48
2024-11,CT报告、审核总数,05,周媛媛,高级,10,42,52
2024-12,CT报告、审核总数,05,周媛媛,高级,12,34,46
2025-01,CT报告、审核总数,05,周媛媛,高级,5,10,15
2025-02,CT报告、审核总数,05,周媛媛,高级,4,21,25
2025-03,CT报告、审核总数,05,周媛媛,高级,6,28,34
2025-04,CT报告、审核总数,05,周媛媛,高级,5,40,45
2025-05,CT报告、审核总数,05,周媛媛,高级,7,38,45
2025-06,CT报告、审核总数,05,周媛媛,高级,3,34,37
2025-07,CT报告、审核总数,05,周媛媛,高级,6,32,38
2025-08,CT报告、审核总数,05,周媛媛,高级,5,31,36
2025-09,CT报告、审核总数,05,周媛媛,高级,8,41,49
2025-10,CT报告、审核总数,05,周媛媛,高级,4,42,46
2025-11,CT报告、审核总数,05,周媛媛,高级,12,67,79
2025-12,CT报告、审核总数,05,周媛媛,高级,10,50,60
2026-01,CT报告、审核总数,05,周媛媛,高级,14,68,82
2026-02,CT报告、审核总数,05,周媛媛,高级,7,51,58
2026-03,CT报告、审核总数,05,周媛媛,高级,10,91,101
2026-04,CT报告、审核总数,05,周媛媛,高级,8,46,54
2021-08,CT报告、审核总数,06,曲艺,高级,1,1,2
2021-10,CT报告、审核总数,06,曲艺,高级,2,2,4
2021-11,CT报告、审核总数,06,曲艺,高级,0,1,1
2022-02,CT报告、审核总数,06,曲艺,高级,3,3,6
2022-03,CT报告、审核总数,06,曲艺,高级,0,1,1
2022-04,CT报告、审核总数,06,曲艺,高级,1,1,2
2022-05,CT报告、审核总数,06,曲艺,高级,12,0,12
2022-06,CT报告、审核总数,06,曲艺,高级,2,0,2
2022-07,CT报告、审核总数,06,曲艺,高级,6,2,8
2022-09,CT报告、审核总数,06,曲艺,高级,1,0,1
2022-11,CT报告、审核总数,06,曲艺,高级,0,1,1
2022-12,CT报告、审核总数,06,曲艺,高级,0,1,1
2023-01,CT报告、审核总数,06,曲艺,高级,1,1,2
2023-02,CT报告、审核总数,06,曲艺,高级,1,2,3
2023-03,CT报告、审核总数,06,曲艺,高级,2,7,9
2023-04,CT报告、审核总数,06,曲艺,高级,1,4,5
2023-05,CT报告、审核总数,06,曲艺,高级,4,3,7
2023-06,CT报告、审核总数,06,曲艺,高级,5,2,7
2023-07,CT报告、审核总数,06,曲艺,高级,2,1,3
2023-09,CT报告、审核总数,06,曲艺,高级,5,1,6
2023-10,CT报告、审核总数,06,曲艺,高级,5,11,16
2023-11,CT报告、审核总数,06,曲艺,高级,17,19,36
2023-12,CT报告、审核总数,06,曲艺,高级,6,7,13
2024-01,CT报告、审核总数,06,曲艺,高级,7,13,20
2024-02,CT报告、审核总数,06,曲艺,高级,1,10,11
2024-03,CT报告、审核总数,06,曲艺,高级,3,7,10
2024-04,CT报告、审核总数,06,曲艺,高级,21,28,49
2024-05,CT报告、审核总数,06,曲艺,高级,21,34,55
2024-06,CT报告、审核总数,06,曲艺,高级,26,36,62
2024-07,CT报告、审核总数,06,曲艺,高级,22,20,42
2024-08,CT报告、审核总数,06,曲艺,高级,15,30,45
2024-09,CT报告、审核总数,06,曲艺,高级,19,44,63
2024-10,CT报告、审核总数,06,曲艺,高级,16,31,47
2024-11,CT报告、审核总数,06,曲艺,高级,13,44,57
2024-12,CT报告、审核总数,06,曲艺,高级,10,41,51
2025-01,CT报告、审核总数,06,曲艺,高级,6,15,21
2025-02,CT报告、审核总数,06,曲艺,高级,4,29,33
2025-03,CT报告、审核总数,06,曲艺,高级,17,54,71
2025-04,CT报告、审核总数,06,曲艺,高级,8,56,64
2025-05,CT报告、审核总数,06,曲艺,高级,11,45,56
2025-06,CT报告、审核总数,06,曲艺,高级,14,55,69
2025-07,CT报告、审核总数,06,曲艺,高级,7,42,49
2025-08,CT报告、审核总数,06,曲艺,高级,18,72,90
2025-09,CT报告、审核总数,06,曲艺,高级,10,72,82
2025-10,CT报告、审核总数,06,曲艺,高级,24,55,79
2025-11,CT报告、审核总数,06,曲艺,高级,26,49,75
2025-12,CT报告、审核总数,06,曲艺,高级,29,72,101
2026-01,CT报告、审核总数,06,曲艺,高级,22,65,87
2026-02,CT报告、审核总数,06,曲艺,高级,15,47,62
2026-03,CT报告、审核总数,06,曲艺,高级,31,109,140
2026-04,CT报告、审核总数,06,曲艺,高级,15,103,118
2026-05,CT报告、审核总数,06,曲艺,高级,28,93,121
2026-06,CT报告、审核总数,06,曲艺,高级,11,111,122
2026-07,CT报告、审核总数,06,曲艺,高级,28,134,162
2007-07,CT报告、审核总数,07,苏畅,高级,0,1,1
2021-12,CT报告、审核总数,07,苏畅,高级,1,0,1
2022-04,CT报告、审核总数,07,苏畅,高级,3,1,4
2022-05,CT报告、审核总数,07,苏畅,高级,2,0,2
2022-06,CT报告、审核总数,07,苏畅,高级,3,0,3
2022-07,CT报告、审核总数,07,苏畅,高级,4,2,6
2022-08,CT报告、审核总数,07,苏畅,高级,4,1,5
2022-10,CT报告、审核总数,07,苏畅,高级,3,3,6
2022-11,CT报告、审核总数,07,苏畅,高级,2,3,5
2022-12,CT报告、审核总数,07,苏畅,高级,2,0,2
2023-01,CT报告、审核总数,07,苏畅,高级,2,1,3
2023-02,CT报告、审核总数,07,苏畅,高级,0,2,2
2023-03,CT报告、审核总数,07,苏畅,高级,3,1,4
2023-04,CT报告、审核总数,07,苏畅,高级,1,5,6
2023-05,CT报告、审核总数,07,苏畅,高级,5,6,11
2023-06,CT报告、审核总数,07,苏畅,高级,2,2,4
2023-07,CT报告、审核总数,07,苏畅,高级,5,5,10
2023-08,CT报告、审核总数,07,苏畅,高级,2,3,5
2023-09,CT报告、审核总数,07,苏畅,高级,1,2,3
2023-10,CT报告、审核总数,07,苏畅,高级,4,22,26
2023-11,CT报告、审核总数,07,苏畅,高级,16,26,42
2023-12,CT报告、审核总数,07,苏畅,高级,14,17,31
2024-01,CT报告、审核总数,07,苏畅,高级,12,27,39
2024-02,CT报告、审核总数,07,苏畅,高级,9,14,23
2024-03,CT报告、审核总数,07,苏畅,高级,23,45,68
2024-04,CT报告、审核总数,07,苏畅,高级,33,43,76
2024-05,CT报告、审核总数,07,苏畅,高级,14,44,58
2024-06,CT报告、审核总数,07,苏畅,高级,29,37,66
2024-07,CT报告、审核总数,07,苏畅,高级,12,31,43
2024-08,CT报告、审核总数,07,苏畅,高级,9,29,38
2024-09,CT报告、审核总数,07,苏畅,高级,18,27,45
2024-10,CT报告、审核总数,07,苏畅,高级,25,25,50
2024-11,CT报告、审核总数,07,苏畅,高级,12,51,63
2024-12,CT报告、审核总数,07,苏畅,高级,15,49,64
2025-01,CT报告、审核总数,07,苏畅,高级,12,39,51
2025-02,CT报告、审核总数,07,苏畅,高级,21,34,55
2025-03,CT报告、审核总数,07,苏畅,高级,25,58,83
2025-04,CT报告、审核总数,07,苏畅,高级,24,47,71
2025-05,CT报告、审核总数,07,苏畅,高级,19,68,87
2025-06,CT报告、审核总数,07,苏畅,高级,16,47,63
2025-07,CT报告、审核总数,07,苏畅,高级,20,56,76
2025-08,CT报告、审核总数,07,苏畅,高级,18,67,85
2025-09,CT报告、审核总数,07,苏畅,高级,23,65,88
2025-10,CT报告、审核总数,07,苏畅,高级,40,76,116
2025-11,CT报告、审核总数,07,苏畅,高级,31,95,126
2025-12,CT报告、审核总数,07,苏畅,高级,27,86,113
2026-01,CT报告、审核总数,07,苏畅,高级,39,108,147
2026-02,CT报告、审核总数,07,苏畅,高级,12,50,62
2026-03,CT报告、审核总数,07,苏畅,高级,18,87,105
2026-04,CT报告、审核总数,07,苏畅,高级,27,117,144
2026-05,CT报告、审核总数,07,苏畅,高级,26,88,114
2026-06,CT报告、审核总数,07,苏畅,高级,17,107,124
2026-07,CT报告、审核总数,07,苏畅,高级,21,79,100
2022-04,CT报告、审核总数,08,张志轩,高级,3,0,3
2022-05,CT报告、审核总数,08,张志轩,高级,3,0,3
2022-06,CT报告、审核总数,08,张志轩,高级,8,0,8
2022-07,CT报告、审核总数,08,张志轩,高级,2,0,2
2022-08,CT报告、审核总数,08,张志轩,高级,2,0,2
2022-09,CT报告、审核总数,08,张志轩,高级,1,0,1
2022-10,CT报告、审核总数,08,张志轩,高级,1,0,1
2022-12,CT报告、审核总数,08,张志轩,高级,3,0,3
2023-01,CT报告、审核总数,08,张志轩,高级,2,0,2
2023-02,CT报告、审核总数,08,张志轩,高级,1,2,3
2023-03,CT报告、审核总数,08,张志轩,高级,4,0,4
2023-04,CT报告、审核总数,08,张志轩,高级,1,3,4
2023-05,CT报告、审核总数,08,张志轩,高级,3,0,3
2023-06,CT报告、审核总数,08,张志轩,高级,3,1,4
2023-08,CT报告、审核总数,08,张志轩,高级,0,2,2
2023-09,CT报告、审核总数,08,张志轩,高级,4,2,6
2023-10,CT报告、审核总数,08,张志轩,高级,3,6,9
2023-11,CT报告、审核总数,08,张志轩,高级,5,6,11
2023-12,CT报告、审核总数,08,张志轩,高级,15,32,47
2024-01,CT报告、审核总数,08,张志轩,高级,17,22,39
2024-02,CT报告、审核总数,08,张志轩,高级,12,16,28
2024-03,CT报告、审核总数,08,张志轩,高级,18,13,31
2024-04,CT报告、审核总数,08,张志轩,高级,14,23,37
2024-05,CT报告、审核总数,08,张志轩,高级,10,11,21
2024-06,CT报告、审核总数,08,张志轩,高级,10,23,33
2024-07,CT报告、审核总数,08,张志轩,高级,12,33,45
2024-08,CT报告、审核总数,08,张志轩,高级,9,18,27
2024-09,CT报告、审核总数,08,张志轩,高级,22,18,40
2024-10,CT报告、审核总数,08,张志轩,高级,4,27,31
2024-11,CT报告、审核总数,08,张志轩,高级,22,15,37
2024-12,CT报告、审核总数,08,张志轩,高级,4,19,23
2025-01,CT报告、审核总数,08,张志轩,高级,8,38,46
2025-02,CT报告、审核总数,08,张志轩,高级,2,9,11
2025-03,CT报告、审核总数,08,张志轩,高级,13,39,52
2025-04,CT报告、审核总数,08,张志轩,高级,4,19,23
2025-05,CT报告、审核总数,08,张志轩,高级,7,23,30
2025-06,CT报告、审核总数,08,张志轩,高级,3,14,17
2025-07,CT报告、审核总数,08,张志轩,高级,4,18,22
2025-08,CT报告、审核总数,08,张志轩,高级,12,28,40
2025-09,CT报告、审核总数,08,张志轩,高级,2,29,31
2025-10,CT报告、审核总数,08,张志轩,高级,21,63,84
2025-11,CT报告、审核总数,08,张志轩,高级,7,30,37
2025-12,CT报告、审核总数,08,张志轩,高级,48,96,144
2026-01,CT报告、审核总数,08,张志轩,高级,9,53,62
2026-02,CT报告、审核总数,08,张志轩,高级,6,32,38
2026-03,CT报告、审核总数,08,张志轩,高级,8,59,67
2026-04,CT报告、审核总数,08,张志轩,高级,22,53,75
2026-05,CT报告、审核总数,08,张志轩,高级,12,54,66
2026-06,CT报告、审核总数,08,张志轩,高级,16,83,99
2026-07,CT报告、审核总数,08,张志轩,高级,14,72,86
2007-07,CT报告、审核总数,09,邝怡,高级,1,1,2
2022-04,CT报告、审核总数,09,邝怡,高级,2,0,2
2022-05,CT报告、审核总数,09,邝怡,高级,1,0,1
2022-06,CT报告、审核总数,09,邝怡,高级,2,0,2
2022-07,CT报告、审核总数,09,邝怡,高级,2,0,2
2022-08,CT报告、审核总数,09,邝怡,高级,3,2,5
2022-09,CT报告、审核总数,09,邝怡,高级,1,0,1
2022-10,CT报告、审核总数,09,邝怡,高级,2,0,2
2022-11,CT报告、审核总数,09,邝怡,高级,3,0,3
2022-12,CT报告、审核总数,09,邝怡,高级,3,0,3
2023-02,CT报告、审核总数,09,邝怡,高级,3,0,3
2023-03,CT报告、审核总数,09,邝怡,高级,4,2,6
2023-04,CT报告、审核总数,09,邝怡,高级,5,0,5
2023-05,CT报告、审核总数,09,邝怡,高级,8,1,9
2023-06,CT报告、审核总数,09,邝怡,高级,5,2,7
2023-07,CT报告、审核总数,09,邝怡,高级,4,2,6
2023-08,CT报告、审核总数,09,邝怡,高级,1,0,1
2023-09,CT报告、审核总数,09,邝怡,高级,6,6,12
2023-10,CT报告、审核总数,09,邝怡,高级,22,16,38
2023-11,CT报告、审核总数,09,邝怡,高级,11,5,16
2023-12,CT报告、审核总数,09,邝怡,高级,14,9,23
2024-01,CT报告、审核总数,09,邝怡,高级,4,5,9
2024-02,CT报告、审核总数,09,邝怡,高级,7,9,16
2024-03,CT报告、审核总数,09,邝怡,高级,10,5,15
2024-04,CT报告、审核总数,09,邝怡,高级,6,14,20
2024-05,CT报告、审核总数,09,邝怡,高级,8,2,10
2024-06,CT报告、审核总数,09,邝怡,高级,7,5,12
2024-07,CT报告、审核总数,09,邝怡,高级,2,6,8
2024-08,CT报告、审核总数,09,邝怡,高级,3,14,17
2024-09,CT报告、审核总数,09,邝怡,高级,8,13,21
2024-10,CT报告、审核总数,09,邝怡,高级,3,14,17
2024-11,CT报告、审核总数,09,邝怡,高级,15,17,32
2024-12,CT报告、审核总数,09,邝怡,高级,6,14,20
2025-01,CT报告、审核总数,09,邝怡,高级,4,21,25
2025-02,CT报告、审核总数,09,邝怡,高级,19,40,59
2025-03,CT报告、审核总数,09,邝怡,高级,9,28,37
2025-04,CT报告、审核总数,09,邝怡,高级,6,21,27
2025-05,CT报告、审核总数,09,邝怡,高级,12,34,46
2025-06,CT报告、审核总数,09,邝怡,高级,4,53,57
2025-07,CT报告、审核总数,09,邝怡,高级,8,23,31
2025-08,CT报告、审核总数,09,邝怡,高级,6,21,27
2025-09,CT报告、审核总数,09,邝怡,高级,2,28,30
2025-10,CT报告、审核总数,09,邝怡,高级,1,18,19
2025-11,CT报告、审核总数,09,邝怡,高级,3,34,37
2025-12,CT报告、审核总数,09,邝怡,高级,2,16,18
2026-01,CT报告、审核总数,09,邝怡,高级,26,34,60
2026-02,CT报告、审核总数,09,邝怡,高级,11,29,40
2026-03,CT报告、审核总数,09,邝怡,高级,9,38,47
2026-04,CT报告、审核总数,09,邝怡,高级,3,39,42
2026-05,CT报告、审核总数,09,邝怡,高级,7,40,47
2026-06,CT报告、审核总数,09,邝怡,高级,8,14,22
2026-07,CT报告、审核总数,09,邝怡,高级,10,49,59
2022-08,CT报告、审核总数,10,吴璇,高级,1,0,1
2022-09,CT报告、审核总数,10,吴璇,高级,3,0,3
2022-10,CT报告、审核总数,10,吴璇,高级,1,0,1
2022-11,CT报告、审核总数,10,吴璇,高级,8,1,9
2022-12,CT报告、审核总数,10,吴璇,高级,2,0,2
2023-01,CT报告、审核总数,10,吴璇,高级,2,0,2
2023-02,CT报告、审核总数,10,吴璇,高级,1,0,1
2023-03,CT报告、审核总数,10,吴璇,高级,1,0,1
2023-04,CT报告、审核总数,10,吴璇,高级,6,0,6
2023-05,CT报告、审核总数,10,吴璇,高级,3,0,3
2023-06,CT报告、审核总数,10,吴璇,高级,7,1,8
2023-07,CT报告、审核总数,10,吴璇,高级,7,0,7
2023-08,CT报告、审核总数,10,吴璇,高级,8,0,8
2023-09,CT报告、审核总数,10,吴璇,高级,7,0,7
2023-10,CT报告、审核总数,10,吴璇,高级,23,0,23
2023-11,CT报告、审核总数,10,吴璇,高级,14,0,14
2023-12,CT报告、审核总数,10,吴璇,高级,14,3,17
2024-01,CT报告、审核总数,10,吴璇,高级,9,0,9
2024-02,CT报告、审核总数,10,吴璇,高级,3,0,3
2024-03,CT报告、审核总数,10,吴璇,高级,10,0,10
2024-04,CT报告、审核总数,10,吴璇,高级,28,3,31
2024-05,CT报告、审核总数,10,吴璇,高级,20,7,27
2024-06,CT报告、审核总数,10,吴璇,高级,16,24,40
2024-07,CT报告、审核总数,10,吴璇,高级,9,8,17
2024-08,CT报告、审核总数,10,吴璇,高级,15,12,27
2024-09,CT报告、审核总数,10,吴璇,高级,11,14,25
2024-10,CT报告、审核总数,10,吴璇,高级,13,33,46
2024-11,CT报告、审核总数,10,吴璇,高级,24,27,51
2024-12,CT报告、审核总数,10,吴璇,高级,14,35,49
2025-01,CT报告、审核总数,10,吴璇,高级,9,22,31
2025-02,CT报告、审核总数,10,吴璇,高级,21,22,43
2025-03,CT报告、审核总数,10,吴璇,高级,19,14,33
2025-04,CT报告、审核总数,10,吴璇,高级,5,23,28
2025-05,CT报告、审核总数,10,吴璇,高级,20,28,48
2025-06,CT报告、审核总数,10,吴璇,高级,12,42,54
2025-07,CT报告、审核总数,10,吴璇,高级,26,53,79
2025-08,CT报告、审核总数,10,吴璇,高级,4,23,27
2025-09,CT报告、审核总数,10,吴璇,高级,2,34,36
2025-10,CT报告、审核总数,10,吴璇,高级,17,59,76
2025-11,CT报告、审核总数,10,吴璇,高级,27,56,83
2025-12,CT报告、审核总数,10,吴璇,高级,31,58,89
2026-01,CT报告、审核总数,10,吴璇,高级,10,54,64
2026-02,CT报告、审核总数,10,吴璇,高级,15,45,60
2026-03,CT报告、审核总数,10,吴璇,高级,16,65,81
2026-04,CT报告、审核总数,10,吴璇,高级,15,42,57
2026-05,CT报告、审核总数,10,吴璇,高级,13,44,57
2026-06,CT报告、审核总数,10,吴璇,高级,19,48,67
2026-07,CT报告、审核总数,10,吴璇,高级,31,41,72
2023-10,CT报告、审核总数,11,张秋梅,中级,11,0,11
2023-11,CT报告、审核总数,11,张秋梅,中级,2,0,2
2023-12,CT报告、审核总数,11,张秋梅,中级,7,0,7
2024-01,CT报告、审核总数,11,张秋梅,中级,6,0,6
2024-02,CT报告、审核总数,11,张秋梅,中级,6,0,6
2024-03,CT报告、审核总数,11,张秋梅,中级,7,0,7
2024-04,CT报告、审核总数,11,张秋梅,中级,5,0,5
2024-05,CT报告、审核总数,11,张秋梅,中级,9,0,9
2024-06,CT报告、审核总数,11,张秋梅,中级,17,0,17
2024-07,CT报告、审核总数,11,张秋梅,中级,16,0,16
2024-08,CT报告、审核总数,11,张秋梅,中级,19,0,19
2024-09,CT报告、审核总数,11,张秋梅,中级,19,1,20
2024-10,CT报告、审核总数,11,张秋梅,中级,18,0,18
2024-11,CT报告、审核总数,11,张秋梅,中级,26,0,26
2024-12,CT报告、审核总数,11,张秋梅,中级,29,1,30
2025-01,CT报告、审核总数,11,张秋梅,中级,26,0,26
2025-02,CT报告、审核总数,11,张秋梅,中级,17,1,18
2025-03,CT报告、审核总数,11,张秋梅,中级,26,1,27
2025-04,CT报告、审核总数,11,张秋梅,中级,39,3,42
2025-05,CT报告、审核总数,11,张秋梅,中级,30,0,30
2025-06,CT报告、审核总数,11,张秋梅,中级,39,1,40
2025-07,CT报告、审核总数,11,张秋梅,中级,29,0,29
2025-08,CT报告、审核总数,11,张秋梅,中级,49,2,51
2025-09,CT报告、审核总数,11,张秋梅,中级,65,0,65
2025-10,CT报告、审核总数,11,张秋梅,中级,56,4,60
2025-11,CT报告、审核总数,11,张秋梅,中级,62,1,63
2025-12,CT报告、审核总数,11,张秋梅,中级,31,0,31
2026-01,CT报告、审核总数,11,张秋梅,中级,75,1,76
2026-02,CT报告、审核总数,11,张秋梅,中级,15,0,15
2026-03,CT报告、审核总数,11,张秋梅,中级,83,1,84
2026-04,CT报告、审核总数,11,张秋梅,中级,40,2,42
2026-05,CT报告、审核总数,11,张秋梅,中级,47,1,48
2026-06,CT报告、审核总数,11,张秋梅,中级,60,1,61
2026-07,CT报告、审核总数,11,张秋梅,中级,50,1,51
2022-09,CT报告、审核总数,12,刘慜思,中级,1,1,2
2023-10,CT报告、审核总数,12,刘慜思,中级,3,0,3
2023-11,CT报告、审核总数,12,刘慜思,中级,7,0,7
2023-12,CT报告、审核总数,12,刘慜思,中级,5,0,5
2024-01,CT报告、审核总数,12,刘慜思,中级,4,0,4
2024-02,CT报告、审核总数,12,刘慜思,中级,8,0,8
2024-03,CT报告、审核总数,12,刘慜思,中级,6,0,6
2024-04,CT报告、审核总数,12,刘慜思,中级,7,0,7
2024-05,CT报告、审核总数,12,刘慜思,中级,9,2,11
2024-06,CT报告、审核总数,12,刘慜思,中级,11,0,11
2024-07,CT报告、审核总数,12,刘慜思,中级,20,0,20
2024-08,CT报告、审核总数,12,刘慜思,中级,20,0,20
2024-09,CT报告、审核总数,12,刘慜思,中级,8,0,8
2024-10,CT报告、审核总数,12,刘慜思,中级,17,3,20
2024-11,CT报告、审核总数,12,刘慜思,中级,13,1,14
2024-12,CT报告、审核总数,12,刘慜思,中级,14,0,14
2025-01,CT报告、审核总数,12,刘慜思,中级,20,0,20
2025-02,CT报告、审核总数,12,刘慜思,中级,22,0,22
2025-03,CT报告、审核总数,12,刘慜思,中级,33,0,33
2025-04,CT报告、审核总数,12,刘慜思,中级,36,2,38
2025-05,CT报告、审核总数,12,刘慜思,中级,36,1,37
2025-06,CT报告、审核总数,12,刘慜思,中级,26,0,26
2025-07,CT报告、审核总数,12,刘慜思,中级,10,0,10
2025-08,CT报告、审核总数,12,刘慜思,中级,32,0,32
2025-09,CT报告、审核总数,12,刘慜思,中级,26,2,28
2025-10,CT报告、审核总数,12,刘慜思,中级,49,0,49
2025-11,CT报告、审核总数,12,刘慜思,中级,44,0,44
2025-12,CT报告、审核总数,12,刘慜思,中级,36,0,36
2026-01,CT报告、审核总数,12,刘慜思,中级,49,0,49
2026-02,CT报告、审核总数,12,刘慜思,中级,34,2,36
2026-03,CT报告、审核总数,12,刘慜思,中级,37,0,37
2026-04,CT报告、审核总数,12,刘慜思,中级,76,1,77
2026-05,CT报告、审核总数,12,刘慜思,中级,63,0,63
2026-06,CT报告、审核总数,12,刘慜思,中级,44,1,45
2026-07,CT报告、审核总数,12,刘慜思,中级,36,0,36
2023-03,CT报告、审核总数,13,康博,其它,1,0,1
2023-04,CT报告、审核总数,13,康博,其它,5,0,5
2023-05,CT报告、审核总数,13,康博,其它,6,1,7
2023-06,CT报告、审核总数,13,康博,其它,6,0,6
2023-07,CT报告、审核总数,13,康博,其它,2,0,2
2023-08,CT报告、审核总数,13,康博,其它,3,0,3
2023-09,CT报告、审核总数,13,康博,其它,2,1,3
2023-10,CT报告、审核总数,13,康博,其它,43,1,44
2023-11,CT报告、审核总数,13,康博,其它,11,0,11
2023-12,CT报告、审核总数,13,康博,其它,20,1,21
2024-01,CT报告、审核总数,13,康博,其它,34,1,35
2024-02,CT报告、审核总数,13,康博,其它,22,0,22
2024-03,CT报告、审核总数,13,康博,其它,18,0,18
2024-04,CT报告、审核总数,13,康博,其它,40,0,40
2024-05,CT报告、审核总数,13,康博,其它,41,0,41
2024-06,CT报告、审核总数,13,康博,其它,50,2,52
2024-07,CT报告、审核总数,13,康博,其它,38,0,38
2024-08,CT报告、审核总数,13,康博,其它,27,0,27
2024-09,CT报告、审核总数,13,康博,其它,55,0,55
2024-10,CT报告、审核总数,13,康博,其它,39,2,41
2024-11,CT报告、审核总数,13,康博,其它,35,0,35
2024-12,CT报告、审核总数,13,康博,其它,57,4,61
2025-01,CT报告、审核总数,13,康博,其它,2,0,2
2025-02,CT报告、审核总数,13,康博,其它,28,1,29
2025-03,CT报告、审核总数,13,康博,其它,44,2,46
2025-04,CT报告、审核总数,13,康博,其它,45,1,46
2025-05,CT报告、审核总数,13,康博,其它,49,0,49
2025-06,CT报告、审核总数,13,康博,其它,35,0,35
2025-07,CT报告、审核总数,13,康博,其它,19,0,19
2025-08,CT报告、审核总数,13,康博,其它,41,1,42
2025-09,CT报告、审核总数,13,康博,其它,25,4,29
2025-10,CT报告、审核总数,13,康博,其它,13,0,13
2025-11,CT报告、审核总数,13,康博,其它,24,0,24
2025-12,CT报告、审核总数,13,康博,其它,25,0,25
2026-01,CT报告、审核总数,13,康博,其它,13,0,13
2026-02,CT报告、审核总数,13,康博,其它,33,1,34
2026-03,CT报告、审核总数,13,康博,其它,33,0,33
2026-04,CT报告、审核总数,13,康博,其它,13,0,13
2026-05,CT报告、审核总数,13,康博,其它,16,2,18
2026-06,CT报告、审核总数,13,康博,其它,20,0,20
2026-07,CT报告、审核总数,13,康博,其它,63,0,63
2023-10,CT报告、审核总数,14,简乐诗,中级,6,0,6
2023-11,CT报告、审核总数,14,简乐诗,中级,7,0,7
2023-12,CT报告、审核总数,14,简乐诗,中级,4,0,4
2024-01,CT报告、审核总数,14,简乐诗,中级,7,0,7
2024-02,CT报告、审核总数,14,简乐诗,中级,9,0,9
2024-03,CT报告、审核总数,14,简乐诗,中级,10,0,10
2024-04,CT报告、审核总数,14,简乐诗,中级,12,0,12
2024-05,CT报告、审核总数,14,简乐诗,中级,16,1,17
2024-06,CT报告、审核总数,14,简乐诗,中级,31,0,31
2024-07,CT报告、审核总数,14,简乐诗,中级,10,0,10
2024-08,CT报告、审核总数,14,简乐诗,中级,15,0,15
2024-09,CT报告、审核总数,14,简乐诗,中级,5,0,5
2024-10,CT报告、审核总数,14,简乐诗,中级,21,0,21
2024-11,CT报告、审核总数,14,简乐诗,中级,29,0,29
2024-12,CT报告、审核总数,14,简乐诗,中级,36,0,36
2025-01,CT报告、审核总数,14,简乐诗,中级,34,0,34
2025-02,CT报告、审核总数,14,简乐诗,中级,24,0,24
2025-03,CT报告、审核总数,14,简乐诗,中级,25,0,25
2025-04,CT报告、审核总数,14,简乐诗,中级,24,0,24
2025-05,CT报告、审核总数,14,简乐诗,中级,30,1,31
2025-06,CT报告、审核总数,14,简乐诗,中级,34,0,34
2025-07,CT报告、审核总数,14,简乐诗,中级,33,0,33
2025-08,CT报告、审核总数,14,简乐诗,中级,29,1,30
2025-09,CT报告、审核总数,14,简乐诗,中级,44,0,44
2025-10,CT报告、审核总数,14,简乐诗,中级,55,0,55
2025-11,CT报告、审核总数,14,简乐诗,中级,43,2,45
2025-12,CT报告、审核总数,14,简乐诗,中级,40,0,40
2026-01,CT报告、审核总数,14,简乐诗,中级,75,14,89
2026-02,CT报告、审核总数,14,简乐诗,中级,32,4,36
2026-03,CT报告、审核总数,14,简乐诗,中级,61,29,90
2026-04,CT报告、审核总数,14,简乐诗,中级,64,41,105
2026-05,CT报告、审核总数,14,简乐诗,中级,52,23,75
2026-06,CT报告、审核总数,14,简乐诗,中级,43,29,72
2026-07,CT报告、审核总数,14,简乐诗,中级,44,18,62
2023-10,CT报告、审核总数,15,陈可欣,中级,10,1,11
2023-11,CT报告、审核总数,15,陈可欣,中级,7,0,7
2023-12,CT报告、审核总数,15,陈可欣,中级,3,0,3
2024-01,CT报告、审核总数,15,陈可欣,中级,9,0,9
2024-02,CT报告、审核总数,15,陈可欣,中级,15,0,15
2024-03,CT报告、审核总数,15,陈可欣,中级,15,0,15
2024-04,CT报告、审核总数,15,陈可欣,中级,15,1,16
2024-05,CT报告、审核总数,15,陈可欣,中级,22,0,22
2024-06,CT报告、审核总数,15,陈可欣,中级,35,1,36
2024-07,CT报告、审核总数,15,陈可欣,中级,29,0,29
2024-08,CT报告、审核总数,15,陈可欣,中级,8,0,8
2024-09,CT报告、审核总数,15,陈可欣,中级,11,0,11
2024-10,CT报告、审核总数,15,陈可欣,中级,25,0,25
2024-11,CT报告、审核总数,15,陈可欣,中级,40,0,40
2024-12,CT报告、审核总数,15,陈可欣,中级,37,2,39
2025-01,CT报告、审核总数,15,陈可欣,中级,27,0,27
2025-02,CT报告、审核总数,15,陈可欣,中级,29,0,29
2025-03,CT报告、审核总数,15,陈可欣,中级,21,0,21
2025-04,CT报告、审核总数,15,陈可欣,中级,37,0,37
2025-05,CT报告、审核总数,15,陈可欣,中级,38,2,40
2025-06,CT报告、审核总数,15,陈可欣,中级,36,0,36
2025-07,CT报告、审核总数,15,陈可欣,中级,44,0,44
2025-08,CT报告、审核总数,15,陈可欣,中级,44,0,44
2025-09,CT报告、审核总数,15,陈可欣,中级,56,6,62
2025-10,CT报告、审核总数,15,陈可欣,中级,30,7,37
2025-11,CT报告、审核总数,15,陈可欣,中级,47,7,54
2025-12,CT报告、审核总数,15,陈可欣,中级,57,15,72
2026-01,CT报告、审核总数,15,陈可欣,中级,30,14,44
2026-02,CT报告、审核总数,15,陈可欣,中级,54,20,74
2026-03,CT报告、审核总数,15,陈可欣,中级,35,43,78
2026-04,CT报告、审核总数,15,陈可欣,中级,52,57,109
2026-05,CT报告、审核总数,15,陈可欣,中级,49,65,114
2026-06,CT报告、审核总数,15,陈可欣,中级,50,58,108
2026-07,CT报告、审核总数,15,陈可欣,中级,45,82,127
2024-07,CT报告、审核总数,16,曲莹莹,中级,5,0,5
2024-08,CT报告、审核总数,16,曲莹莹,中级,10,0,10
2024-09,CT报告、审核总数,16,曲莹莹,中级,30,3,33
2024-10,CT报告、审核总数,16,曲莹莹,中级,19,0,19
2024-11,CT报告、审核总数,16,曲莹莹,中级,14,0,14
2024-12,CT报告、审核总数,16,曲莹莹,中级,27,1,28
2025-01,CT报告、审核总数,16,曲莹莹,中级,27,0,27
2025-02,CT报告、审核总数,16,曲莹莹,中级,13,0,13
2025-03,CT报告、审核总数,16,曲莹莹,中级,29,0,29
2025-04,CT报告、审核总数,16,曲莹莹,中级,23,0,23
2025-05,CT报告、审核总数,16,曲莹莹,中级,22,0,22
2025-06,CT报告、审核总数,16,曲莹莹,中级,40,0,40
2025-07,CT报告、审核总数,16,曲莹莹,中级,53,0,53
2025-08,CT报告、审核总数,16,曲莹莹,中级,40,1,41
2025-09,CT报告、审核总数,16,曲莹莹,中级,56,0,56
2025-10,CT报告、审核总数,16,曲莹莹,中级,74,0,74
2025-11,CT报告、审核总数,16,曲莹莹,中级,58,0,58
2025-12,CT报告、审核总数,16,曲莹莹,中级,40,0,40
2026-01,CT报告、审核总数,16,曲莹莹,中级,35,0,35
2026-02,CT报告、审核总数,16,曲莹莹,中级,21,0,21
2026-03,CT报告、审核总数,16,曲莹莹,中级,54,0,54
2026-04,CT报告、审核总数,16,曲莹莹,中级,42,0,42
2026-05,CT报告、审核总数,16,曲莹莹,中级,71,0,71
2026-06,CT报告、审核总数,16,曲莹莹,中级,38,0,38
2026-07,CT报告、审核总数,16,曲莹莹,中级,29,0,29
2024-06,CT报告、审核总数,17,陶琼瑶,中级,4,0,4
2024-07,CT报告、审核总数,17,陶琼瑶,中级,6,0,6
2024-08,CT报告、审核总数,17,陶琼瑶,中级,19,0,19
2024-09,CT报告、审核总数,17,陶琼瑶,中级,23,0,23
2024-10,CT报告、审核总数,17,陶琼瑶,中级,40,0,40
2024-11,CT报告、审核总数,17,陶琼瑶,中级,13,0,13
2024-12,CT报告、审核总数,17,陶琼瑶,中级,37,1,38
2025-01,CT报告、审核总数,17,陶琼瑶,中级,16,0,16
2025-02,CT报告、审核总数,17,陶琼瑶,中级,15,0,15
2025-03,CT报告、审核总数,17,陶琼瑶,中级,22,0,22
2025-04,CT报告、审核总数,17,陶琼瑶,中级,28,0,28
2025-05,CT报告、审核总数,17,陶琼瑶,中级,25,0,25
2025-06,CT报告、审核总数,17,陶琼瑶,中级,30,0,30
2025-07,CT报告、审核总数,17,陶琼瑶,中级,18,0,18
2025-08,CT报告、审核总数,17,陶琼瑶,中级,43,1,44
2025-09,CT报告、审核总数,17,陶琼瑶,中级,56,4,60
2025-10,CT报告、审核总数,17,陶琼瑶,中级,70,0,70
2025-11,CT报告、审核总数,17,陶琼瑶,中级,38,0,38
2025-12,CT报告、审核总数,17,陶琼瑶,中级,42,1,43
2026-01,CT报告、审核总数,17,陶琼瑶,中级,65,0,65
2026-02,CT报告、审核总数,17,陶琼瑶,中级,32,0,32
2026-03,CT报告、审核总数,17,陶琼瑶,中级,75,0,75
2026-04,CT报告、审核总数,17,陶琼瑶,中级,115,1,116
2026-05,CT报告、审核总数,17,陶琼瑶,中级,63,0,63
2026-06,CT报告、审核总数,17,陶琼瑶,中级,55,0,55
2025-11,CT报告、审核总数,18,马萌,初级,2,0,2
2025-12,CT报告、审核总数,18,马萌,初级,4,0,4
2026-01,CT报告、审核总数,18,马萌,初级,16,0,16
2026-02,CT报告、审核总数,18,马萌,初级,15,2,17
2026-03,CT报告、审核总数,18,马萌,初级,12,0,12
2026-04,CT报告、审核总数,18,马萌,初级,17,1,18
2026-05,CT报告、审核总数,18,马萌,初级,26,0,26
2026-06,CT报告、审核总数,18,马萌,初级,40,1,41
2026-07,CT报告、审核总数,18,马萌,初级,26,1,27
2024-10,CT报告、审核总数,20,李铭婕,中级,7,0,7
2024-11,CT报告、审核总数,20,李铭婕,中级,14,0,14
2024-12,CT报告、审核总数,20,李铭婕,中级,14,3,17
2025-01,CT报告、审核总数,20,李铭婕,中级,13,1,14
2025-02,CT报告、审核总数,20,李铭婕,中级,18,3,21
2025-03,CT报告、审核总数,20,李铭婕,中级,38,0,38
2025-04,CT报告、审核总数,20,李铭婕,中级,42,5,47
2025-05,CT报告、审核总数,20,李铭婕,中级,61,1,62
2025-06,CT报告、审核总数,20,李铭婕,中级,47,1,48
2025-07,CT报告、审核总数,20,李铭婕,中级,48,2,50
2025-08,CT报告、审核总数,20,李铭婕,中级,53,2,55
2025-09,CT报告、审核总数,20,李铭婕,中级,42,0,42
2025-10,CT报告、审核总数,20,李铭婕,中级,44,1,45
2025-11,CT报告、审核总数,20,李铭婕,中级,76,1,77
2025-12,CT报告、审核总数,20,李铭婕,中级,94,3,97
2026-01,CT报告、审核总数,20,李铭婕,中级,63,3,66
2026-02,CT报告、审核总数,20,李铭婕,中级,45,1,46
2026-03,CT报告、审核总数,20,李铭婕,中级,96,2,98
2026-04,CT报告、审核总数,20,李铭婕,中级,81,0,81
2026-05,CT报告、审核总数,20,李铭婕,中级,83,0,83
2026-06,CT报告、审核总数,20,李铭婕,中级,84,2,86
2026-07,CT报告、审核总数,20,李铭婕,中级,55,7,62
2025-06,CT报告、审核总数,21,王兆雪,初级,1,0,1
2025-12,CT报告、审核总数,21,王兆雪,初级,2,0,2
2026-01,CT报告、审核总数,21,王兆雪,初级,14,0,14
2026-02,CT报告、审核总数,21,王兆雪,初级,11,0,11
2026-03,CT报告、审核总数,21,王兆雪,初级,20,0,20
2026-04,CT报告、审核总数,21,王兆雪,初级,6,0,6
2026-05,CT报告、审核总数,21,王兆雪,初级,25,0,25
2026-06,CT报告、审核总数,21,王兆雪,初级,26,0,26
2026-07,CT报告、审核总数,21,王兆雪,初级,17,0,17
2025-12,CT报告、审核总数,22,冯军利,初级,6,0,6
2026-01,CT报告、审核总数,22,冯军利,初级,17,0,17
2026-02,CT报告、审核总数,22,冯军利,初级,23,0,23
2026-03,CT报告、审核总数,22,冯军利,初级,21,0,21
2026-04,CT报告、审核总数,22,冯军利,初级,12,0,12
2026-05,CT报告、审核总数,22,冯军利,初级,34,0,34
2026-06,CT报告、审核总数,22,冯军利,初级,22,0,22
2026-07,CT报告、审核总数,22,冯军利,初级,25,0,25
2025-12,CT报告、审核总数,23,张若邈,初级,2,0,2
2026-01,CT报告、审核总数,23,张若邈,初级,8,0,8
2026-02,CT报告、审核总数,23,张若邈,初级,17,0,17
2026-03,CT报告、审核总数,23,张若邈,初级,2,0,2
2026-04,CT报告、审核总数,23,张若邈,初级,26,0,26
2026-05,CT报告、审核总数,23,张若邈,初级,22,0,22
2026-06,CT报告、审核总数,23,张若邈,初级,20,0,20
2026-07,CT报告、审核总数,23,张若邈,初级,25,1,26
2025-11,CT报告、审核总数,24,江蓝,初级,1,0,1
2025-12,CT报告、审核总数,24,江蓝,初级,8,0,8
2026-01,CT报告、审核总数,24,江蓝,初级,16,0,16
2026-02,CT报告、审核总数,24,江蓝,初级,12,0,12
2026-03,CT报告、审核总数,24,江蓝,初级,30,0,30
2026-04,CT报告、审核总数,24,江蓝,初级,20,0,20
2026-05,CT报告、审核总数,24,江蓝,初级,27,0,27
2026-06,CT报告、审核总数,24,江蓝,初级,24,0,24
2026-07,CT报告、审核总数,24,江蓝,初级,48,0,48
2026-05,CT报告、审核总数,25,刘坤,初级,9,0,9
2026-06,CT报告、审核总数,25,刘坤,初级,71,0,71
2026-07,CT报告、审核总数,25,刘坤,初级,73,0,73
2026-06,CT报告、审核总数,29,冯芷珊,预备,1,1,2
2022-09,CT报告、审核总数,,于飞,未登记,3,0,3
2022-10,CT报告、审核总数,,于飞,未登记,3,0,3
2022-11,CT报告、审核总数,,于飞,未登记,1,0,1
2022-12,CT报告、审核总数,,于飞,未登记,1,0,1
2023-02,CT报告、审核总数,,于飞,未登记,4,0,4
2023-03,CT报告、审核总数,,于飞,未登记,1,0,1
2023-05,CT报告、审核总数,,于飞,未登记,1,0,1
2023-06,CT报告、审核总数,,于飞,未登记,3,0,3
2023-07,CT报告、审核总数,,于飞,未登记,1,0,1
2023-08,CT报告、审核总数,,于飞,未登记,4,1,5
2023-09,CT报告、审核总数,,于飞,未登记,4,0,4
2021-06,CT报告、审核总数,,傅梦竹,未登记,1,0,1
2021-08,CT报告、审核总数,,傅梦竹,未登记,0,3,3
2021-09,CT报告、审核总数,,傅梦竹,未登记,0,2,2
2021-10,CT报告、审核总数,,傅梦竹,未登记,1,0,1
2021-11,CT报告、审核总数,,傅梦竹,未登记,0,4,4
2021-12,CT报告、审核总数,,傅梦竹,未登记,1,2,3
2022-02,CT报告、审核总数,,傅梦竹,未登记,1,1,2
2022-03,CT报告、审核总数,,傅梦竹,未登记,2,2,4
2022-04,CT报告、审核总数,,傅梦竹,未登记,1,3,4
2022-05,CT报告、审核总数,,傅梦竹,未登记,0,5,5
2022-06,CT报告、审核总数,,傅梦竹,未登记,0,5,5
2022-07,CT报告、审核总数,,傅梦竹,未登记,3,5,8
2022-08,CT报告、审核总数,,傅梦竹,未登记,1,2,3
2022-09,CT报告、审核总数,,傅梦竹,未登记,1,2,3
2022-10,CT报告、审核总数,,傅梦竹,未登记,0,3,3
2022-11,CT报告、审核总数,,傅梦竹,未登记,1,0,1
2022-12,CT报告、审核总数,,傅梦竹,未登记,0,3,3
2023-01,CT报告、审核总数,,傅梦竹,未登记,0,2,2
2023-02,CT报告、审核总数,,傅梦竹,未登记,0,2,2
2023-03,CT报告、审核总数,,傅梦竹,未登记,0,2,2
2023-04,CT报告、审核总数,,傅梦竹,未登记,2,1,3
2023-05,CT报告、审核总数,,傅梦竹,未登记,2,7,9
2023-06,CT报告、审核总数,,傅梦竹,未登记,0,5,5
2023-07,CT报告、审核总数,,傅梦竹,未登记,1,2,3
2023-08,CT报告、审核总数,,傅梦竹,未登记,3,0,3
2023-09,CT报告、审核总数,,傅梦竹,未登记,3,3,6
2023-10,CT报告、审核总数,,傅梦竹,未登记,1,18,19
2023-11,CT报告、审核总数,,傅梦竹,未登记,3,10,13
2023-12,CT报告、审核总数,,傅梦竹,未登记,6,12,18
2024-01,CT报告、审核总数,,傅梦竹,未登记,13,41,54
2024-02,CT报告、审核总数,,傅梦竹,未登记,0,10,10
2024-03,CT报告、审核总数,,傅梦竹,未登记,1,15,16
2024-04,CT报告、审核总数,,傅梦竹,未登记,6,18,24
2024-05,CT报告、审核总数,,傅梦竹,未登记,2,14,16
2024-06,CT报告、审核总数,,傅梦竹,未登记,3,25,28
2024-07,CT报告、审核总数,,傅梦竹,未登记,6,13,19
2024-08,CT报告、审核总数,,傅梦竹,未登记,4,8,12
2024-09,CT报告、审核总数,,傅梦竹,未登记,3,30,33
2024-10,CT报告、审核总数,,傅梦竹,未登记,1,10,11
2024-11,CT报告、审核总数,,傅梦竹,未登记,3,14,17
2026-05,CT报告、审核总数,,傅梦竹,未登记,8,28,36
2026-06,CT报告、审核总数,,傅梦竹,未登记,0,11,11
2026-07,CT报告、审核总数,,傅梦竹,未登记,15,26,41
2021-08,CT报告、审核总数,,刘冉,未登记,2,0,2
2021-10,CT报告、审核总数,,刘冉,未登记,2,0,2
2021-11,CT报告、审核总数,,刘冉,未登记,5,2,7
2021-12,CT报告、审核总数,,刘冉,未登记,1,1,2
2022-01,CT报告、审核总数,,刘冉,未登记,0,3,3
2022-03,CT报告、审核总数,,刘冉,未登记,1,2,3
2022-04,CT报告、审核总数,,刘冉,未登记,2,1,3
2022-04,CT报告、审核总数,,吴凡,未登记,6,1,7
2022-05,CT报告、审核总数,,吴凡,未登记,5,0,5
2022-06,CT报告、审核总数,,吴凡,未登记,6,3,9
2022-07,CT报告、审核总数,,吴凡,未登记,3,0,3
2022-08,CT报告、审核总数,,吴凡,未登记,1,0,1
2022-09,CT报告、审核总数,,吴凡,未登记,1,0,1
2026-05,CT报告、审核总数,,吴海燕,未登记,5,0,5
2026-06,CT报告、审核总数,,吴海燕,未登记,1,0,1
2023-10,CT报告、审核总数,,张静,未登记,5,0,5
2023-11,CT报告、审核总数,,张静,未登记,9,0,9
2023-12,CT报告、审核总数,,张静,未登记,18,0,18
2024-01,CT报告、审核总数,,张静,未登记,20,0,20
2024-02,CT报告、审核总数,,张静,未登记,8,0,8
2024-03,CT报告、审核总数,,张静,未登记,6,0,6
2025-12,CT报告、审核总数,,彭涛,未登记,0,1,1
2026-03,CT报告、审核总数,,彭涛,未登记,9,0,9
2026-04,CT报告、审核总数,,彭涛,未登记,42,0,42
2026-05,CT报告、审核总数,,彭涛,未登记,13,0,13
2026-06,CT报告、审核总数,,彭涛,未登记,34,0,34
2026-07,CT报告、审核总数,,彭涛,未登记,11,0,11
2022-04,CT报告、审核总数,,王佳尧,未登记,5,0,5
2022-05,CT报告、审核总数,,王佳尧,未登记,1,0,1
2022-06,CT报告、审核总数,,王佳尧,未登记,1,0,1
2021-07,CT报告、审核总数,,白鹤,未登记,1,0,1
2021-08,CT报告、审核总数,,白鹤,未登记,3,4,7
2021-09,CT报告、审核总数,,白鹤,未登记,3,3,6
2021-10,CT报告、审核总数,,白鹤,未登记,0,3,3
2021-11,CT报告、审核总数,,白鹤,未登记,1,3,4
2021-12,CT报告、审核总数,,白鹤,未登记,3,1,4
2022-01,CT报告、审核总数,,白鹤,未登记,5,2,7
2022-02,CT报告、审核总数,,白鹤,未登记,6,2,8
2022-03,CT报告、审核总数,,白鹤,未登记,1,2,3
2022-04,CT报告、审核总数,,白鹤,未登记,2,3,5
2022-05,CT报告、审核总数,,白鹤,未登记,1,8,9
2022-06,CT报告、审核总数,,白鹤,未登记,0,9,9
2022-07,CT报告、审核总数,,白鹤,未登记,4,5,9
2022-08,CT报告、审核总数,,白鹤,未登记,2,8,10
2022-09,CT报告、审核总数,,白鹤,未登记,1,2,3
2022-10,CT报告、审核总数,,白鹤,未登记,2,6,8
2022-11,CT报告、审核总数,,白鹤,未登记,4,3,7
2023-10,CT报告、审核总数,,郭瑞泽,未登记,6,0,6
2023-11,CT报告、审核总数,,郭瑞泽,未登记,15,0,15
2023-12,CT报告、审核总数,,郭瑞泽,未登记,15,0,15
2024-01,CT报告、审核总数,,郭瑞泽,未登记,13,0,13
2024-02,CT报告、审核总数,,郭瑞泽,未登记,6,0,6
2024-03,CT报告、审核总数,,郭瑞泽,未登记,16,0,16
2024-04,CT报告、审核总数,,郭瑞泽,未登记,13,1,14
2023-10,CT报告、审核总数,,阮丽,未登记,1,0,1
2024-01,CT报告、审核总数,,阮丽,未登记,1,0,1
2024-05,CT报告、审核总数,,阮丽,未登记,3,0,3
2024-05,CT报告、审核总数,,马析淳,未登记,2,0,2
2024-06,CT报告、审核总数,,马析淳,未登记,1,0,1
2026-07,CT报告、审核总数,,马龙,未登记,36,0,36
2026-01,XA透视撰写、审核数,01,戴榕全,高级,0,2,2
2026-03,XA透视撰写、审核数,01,戴榕全,高级,2,2,4
2026-04,XA透视撰写、审核数,01,戴榕全,高级,2,2,4
2026-05,XA透视撰写、审核数,01,戴榕全,高级,2,2,4
2026-06,XA透视撰写、审核数,01,戴榕全,高级,0,1,1
2026-07,XA透视撰写、审核数,01,戴榕全,高级,2,3,5
2026-01,XA透视撰写、审核数,02,刘蕾,高级,1,0,1
2026-02,XA透视撰写、审核数,02,刘蕾,高级,1,1,2
2026-03,XA透视撰写、审核数,02,刘蕾,高级,1,1,2
2026-04,XA透视撰写、审核数,02,刘蕾,高级,0,1,1
2026-05,XA透视撰写、审核数,02,刘蕾,高级,0,1,1
2026-06,XA透视撰写、审核数,02,刘蕾,高级,3,4,7
2026-07,XA透视撰写、审核数,02,刘蕾,高级,2,2,4
2026-01,XA透视撰写、审核数,03,张博闻,高级,0,1,1
2026-03,XA透视撰写、审核数,03,张博闻,高级,0,2,2
2026-04,XA透视撰写、审核数,03,张博闻,高级,1,1,2
2026-06,XA透视撰写、审核数,03,张博闻,高级,1,1,2
2026-01,XA透视撰写、审核数,04,白璐,高级,1,1,2
2026-03,XA透视撰写、审核数,04,白璐,高级,0,1,1
2026-04,XA透视撰写、审核数,04,白璐,高级,0,3,3
2026-05,XA透视撰写、审核数,04,白璐,高级,2,4,6
2026-06,XA透视撰写、审核数,04,白璐,高级,1,6,7
2026-07,XA透视撰写、审核数,04,白璐,高级,3,1,4
2026-01,XA透视撰写、审核数,05,周媛媛,高级,2,2,4
2026-03,XA透视撰写、审核数,05,周媛媛,高级,2,1,3
2026-04,XA透视撰写、审核数,05,周媛媛,高级,0,1,1
2026-02,XA透视撰写、审核数,06,曲艺,高级,3,3,6
2026-03,XA透视撰写、审核数,06,曲艺,高级,2,2,4
2026-04,XA透视撰写、审核数,06,曲艺,高级,7,8,15
2026-05,XA透视撰写、审核数,06,曲艺,高级,1,3,4
2026-06,XA透视撰写、审核数,06,曲艺,高级,5,6,11
2026-07,XA透视撰写、审核数,06,曲艺,高级,2,3,5
2026-01,XA透视撰写、审核数,07,苏畅,高级,1,1,2
2026-02,XA透视撰写、审核数,07,苏畅,高级,1,1,2
2026-03,XA透视撰写、审核数,07,苏畅,高级,0,3,3
2026-05,XA透视撰写、审核数,07,苏畅,高级,0,2,2
2026-06,XA透视撰写、审核数,07,苏畅,高级,0,2,2
2026-07,XA透视撰写、审核数,07,苏畅,高级,4,3,7
2026-03,XA透视撰写、审核数,08,张志轩,高级,0,1,1
2026-04,XA透视撰写、审核数,08,张志轩,高级,1,1,2
2026-05,XA透视撰写、审核数,08,张志轩,高级,1,1,2
2026-06,XA透视撰写、审核数,08,张志轩,高级,3,2,5
2026-07,XA透视撰写、审核数,08,张志轩,高级,3,3,6
2026-03,XA透视撰写、审核数,09,邝怡,高级,1,0,1
2026-04,XA透视撰写、审核数,09,邝怡,高级,1,1,2
2026-05,XA透视撰写、审核数,09,邝怡,高级,1,2,3
2026-07,XA透视撰写、审核数,09,邝怡,高级,0,2,2
2026-01,XA透视撰写、审核数,10,吴璇,高级,2,2,4
2026-02,XA透视撰写、审核数,10,吴璇,高级,1,1,2
2026-03,XA透视撰写、审核数,10,吴璇,高级,1,2,3
2026-04,XA透视撰写、审核数,10,吴璇,高级,4,2,6
2026-05,XA透视撰写、审核数,10,吴璇,高级,1,1,2
2026-06,XA透视撰写、审核数,10,吴璇,高级,0,1,1
2026-07,XA透视撰写、审核数,10,吴璇,高级,4,5,9
2026-05,XA透视撰写、审核数,11,张秋梅,中级,2,0,2
2026-06,XA透视撰写、审核数,11,张秋梅,中级,1,0,1
2026-07,XA透视撰写、审核数,11,张秋梅,中级,1,0,1
2026-01,XA透视撰写、审核数,14,简乐诗,中级,1,0,1
2026-03,XA透视撰写、审核数,14,简乐诗,中级,3,0,3
2026-04,XA透视撰写、审核数,14,简乐诗,中级,2,0,2
2026-06,XA透视撰写、审核数,14,简乐诗,中级,1,0,1
2026-07,XA透视撰写、审核数,14,简乐诗,中级,1,1,2
2026-01,XA透视撰写、审核数,15,陈可欣,中级,1,0,1
2026-03,XA透视撰写、审核数,15,陈可欣,中级,3,0,3
2026-04,XA透视撰写、审核数,15,陈可欣,中级,1,2,3
2026-05,XA透视撰写、审核数,15,陈可欣,中级,7,2,9
2026-06,XA透视撰写、审核数,15,陈可欣,中级,5,0,5
2026-07,XA透视撰写、审核数,15,陈可欣,中级,1,0,1
2026-04,XA透视撰写、审核数,17,陶琼瑶,中级,3,0,3
2026-05,XA透视撰写、审核数,17,陶琼瑶,中级,1,0,1
2026-06,XA透视撰写、审核数,17,陶琼瑶,中级,3,0,3
